"06 - HIV | Hospital, Health center, Clinic | Monthly (Zewditu Memorial General Hospital)",,,,,,,,,,,,,,
S.No,Activity,Meskerem 2018,Tikemet 2018,Hidar 2018,Tahesas 2018,Tir 2018,Yekatit 2018,Megabit 2018,Miazia 2018,Genbot 2018,Sene 2018,Hamle 2018,Nehase 2018,Total
,HIV - HIV Testing Service provided,1,1,1,1,1,1,1,1,1,1,1,1,12
HIV,HIV Prevention and Control,,,,,,,,,,,,,
HIV_HTS_TST_VCT,Clients receiving HIV test results (at VCT),134,100,107,144,118,119,105,119,128,126,123,110,"1,433"
HIV_HTS_TST_VCT. 1,"< 1 year, Male",,,,,,,,,,,,,
HIV_HTS_TST_VCT. 2,"< 1 year, Female",,,,,,,,,,,,,
HIV_HTS_TST_VCT. 3,"1 - 4 years, Male",,,,,,,,,,,,,
HIV_HTS_TST_VCT. 4,"1 - 4 years, Female",,,,,,,,,,,,,
HIV_HTS_TST_VCT. 5,"5 - 9 Years, Male",,,,,,,,,,,,,
HIV_HTS_TST_VCT. 6,"5 - 9 Years, Female",,,,,,,,,,,,,
HIV_HTS_TST_VCT. 7,"10 - 14 Years, Male",,,,,,,,,,,,,
HIV_HTS_TST_VCT. 8,"10 - 14 Years, Female",,,,,,,,,,,,,
HIV_HTS_TST_VCT. 9,"15 - 19 Years, Male",4,6,4,5,6,5,4,1,1,6,3,,45
HIV_HTS_TST_VCT. 10,"15 - 19 Years, Female",10,11,3,13,4,6,5,9,6,2,4,4,77
HIV_HTS_TST_VCT. 11,"20 - 24 Years, Male",5,10,11,12,7,9,7,6,5,7,5,9,93
HIV_HTS_TST_VCT. 12,"20 - 24 Years, Female",13,17,10,13,8,9,3,14,8,9,6,6,116
HIV_HTS_TST_VCT. 13,"25 - 29 Years, Male",11,12,8,16,11,10,13,10,10,6,15,12,134
HIV_HTS_TST_VCT. 14,"25 - 29 Years, Female",16,4,7,13,15,11,16,10,10,13,13,9,137
HIV_HTS_TST_VCT. 15,"30 - 34 Years, Male",11,6,8,10,9,5,6,10,10,6,7,11,99
HIV_HTS_TST_VCT. 16,"30 - 34 Years, Female",9,9,6,13,8,4,4,6,4,3,8,8,82
HIV_HTS_TST_VCT. 17,"35 - 39 Years, Male",11,11,10,12,11,19,16,8,21,17,17,15,168
HIV_HTS_TST_VCT. 18,"35 - 39 Years, Female",8,1,8,11,5,10,6,6,13,10,11,8,97
HIV_HTS_TST_VCT. 19,"40 - 44 Years, Male",4,4,5,6,11,9,7,13,16,12,9,6,102
HIV_HTS_TST_VCT. 20,"40 - 44 Years, Female",4,1,5,6,1,4,3,6,3,5,8,6,52
HIV_HTS_TST_VCT. 21,"45 - 49 Years, Male",8,5,9,4,5,9,5,8,7,10,5,7,82
HIV_HTS_TST_VCT. 22,"45 - 49 Years, Female",5,,5,,4,2,2,1,5,3,5,3,35
HIV_HTS_TST_VCT. 23,">= 50 Years, Male",9,2,7,7,5,4,5,10,5,12,7,6,79
HIV_HTS_TST_VCT. 24,">= 50 Years, Female",6,1,1,3,8,3,3,1,4,5,,,35
HIV_HTS_TST_VCT_P,Clients testing positive for HIV (at VCT),1,1,2,5,1,4,1,,2,1,,1,19
HIV_HTS_TST_VCT_P. 1,"< 1 year, Male",,,,,,,,,,,,,
HIV_HTS_TST_VCT_P. 2,"< 1 year, Female",,,,,,,,,,,,,
HIV_HTS_TST_VCT_P. 3,"1 - 4 years, Male",,,,,,,,,,,,,
HIV_HTS_TST_VCT_P. 4,"1 - 4 years, Female",,,,,,,,,,,,,
HIV_HTS_TST_VCT_P. 5,"5 - 9 Years, Male",,,,,,,,,,,,,
HIV_HTS_TST_VCT_P. 6,"5 - 9 Years, Female",,,,,,,,,,,,,
HIV_HTS_TST_VCT_P. 7,"10 - 14 Years, Male",,,,,,,,,,,,,
HIV_HTS_TST_VCT_P. 8,"10 - 14 Years, Female",,,,,,,,,,,,,
HIV_HTS_TST_VCT_P. 9,"15 - 19 Years, Male",,,,,,,,,,,,,
HIV_HTS_TST_VCT_P. 10,"15 - 19 Years, Female",,,,1,,,,,,,,,1
HIV_HTS_TST_VCT_P. 11,"20 - 24 Years, Male",,,,1,,,,,,,,,1
HIV_HTS_TST_VCT_P. 12,"20 - 24 Years, Female",,1,,,,2,,,,,,,3
HIV_HTS_TST_VCT_P. 13,"25 - 29 Years, Male",,,,,,,,,,,,,
HIV_HTS_TST_VCT_P. 14,"25 - 29 Years, Female",,,,1,,,,,,,,,1
HIV_HTS_TST_VCT_P. 15,"30 - 34 Years, Male",,,,1,,,,,,,,,1
HIV_HTS_TST_VCT_P. 16,"30 - 34 Years, Female",,,1,,,1,,,,,,,2
HIV_HTS_TST_VCT_P. 17,"35 - 39 Years, Male",,,,1,1,,1,,1,1,,,5
HIV_HTS_TST_VCT_P. 18,"35 - 39 Years, Female",,,,,,,,,,,,,
HIV_HTS_TST_VCT_P. 19,"40 - 44 Years, Male",,,,,,,,,,,,,
HIV_HTS_TST_VCT_P. 20,"40 - 44 Years, Female",,,,,,,,,,,,,
HIV_HTS_TST_VCT_P. 21,"45 - 49 Years, Male",,,,,,1,,,,,,1,2
HIV_HTS_TST_VCT_P. 22,"45 - 49 Years, Female",,,,,,,,,,,,,
HIV_HTS_TST_VCT_P. 23,">= 50 Years, Male",1,,,,,,,,,,,,1
HIV_HTS_TST_VCT_P. 24,">= 50 Years, Female",,,1,,,,,,1,,,,2
HIV_HTS_TST_PITCT,Clients receiving HIV test results (at PITC),716,679,706,741,661,806,675,675,781,799,845,868,"8,952"
HIV_HTS_TST_PITCT. 1,"< 1 year, Male",1,8,,,1,1,,1,7,4,6,10,39
HIV_HTS_TST_PITCT. 2,"< 1 year, Female",,4,,,,1,,1,9,4,4,11,34
HIV_HTS_TST_PITCT. 3,"1 - 4 years, Male",44,37,29,18,24,22,25,22,20,25,23,19,308
HIV_HTS_TST_PITCT. 4,"1 - 4 years, Female",52,13,22,29,18,22,14,15,19,10,24,18,256
HIV_HTS_TST_PITCT. 5,"5 - 9 Years, Male",9,5,7,10,13,10,8,15,15,9,7,7,115
HIV_HTS_TST_PITCT. 6,"5 - 9 Years, Female",5,4,6,5,12,7,8,6,13,5,10,9,90
HIV_HTS_TST_PITCT. 7,"10 - 14 Years, Male",7,7,5,7,13,13,12,8,14,3,5,11,105
HIV_HTS_TST_PITCT. 8,"10 - 14 Years, Female",4,4,1,5,9,1,4,7,14,6,5,4,64
HIV_HTS_TST_PITCT. 9,"15 - 19 Years, Male",8,17,10,14,13,22,31,10,22,15,15,16,193
HIV_HTS_TST_PITCT. 10,"15 - 19 Years, Female",18,26,21,21,21,34,44,25,39,31,33,17,330
HIV_HTS_TST_PITCT. 11,"20 - 24 Years, Male",22,26,26,30,27,30,48,21,29,27,39,47,372
HIV_HTS_TST_PITCT. 12,"20 - 24 Years, Female",68,58,68,51,50,64,46,46,46,70,64,62,693
HIV_HTS_TST_PITCT. 13,"25 - 29 Years, Male",28,30,54,44,36,44,36,41,33,38,48,61,493
HIV_HTS_TST_PITCT. 14,"25 - 29 Years, Female",102,78,94,75,69,76,66,64,65,67,71,92,919
HIV_HTS_TST_PITCT. 15,"30 - 34 Years, Male",32,28,27,54,27,29,37,35,46,45,42,62,464
HIV_HTS_TST_PITCT. 16,"30 - 34 Years, Female",61,67,54,69,56,85,68,59,67,67,75,56,784
HIV_HTS_TST_PITCT. 17,"35 - 39 Years, Male",22,19,31,38,24,45,25,40,37,45,32,51,409
HIV_HTS_TST_PITCT. 18,"35 - 39 Years, Female",33,37,43,49,43,79,44,43,52,60,76,56,615
HIV_HTS_TST_PITCT. 19,"40 - 44 Years, Male",24,17,22,35,30,44,22,34,31,38,25,44,366
HIV_HTS_TST_PITCT. 20,"40 - 44 Years, Female",17,27,27,35,20,34,25,32,32,47,32,38,366
HIV_HTS_TST_PITCT. 21,"45 - 49 Years, Male",20,24,24,17,22,21,22,36,21,25,26,26,284
HIV_HTS_TST_PITCT. 22,"45 - 49 Years, Female",24,21,19,19,17,22,21,16,18,23,28,31,259
HIV_HTS_TST_PITCT. 23,">= 50 Years, Male",53,54,59,63,59,49,16,58,70,63,76,51,671
HIV_HTS_TST_PITCT. 24,">= 50 Years, Female",62,68,57,53,57,51,53,40,62,72,79,69,723
HIV_HTS_TST_PITCT.P,Clients testing positive for HIV (at PITC),4,6,3,6,4,12,,3,3,9,8,11,69
HIV_HTS_TST_PITCT.P. 1,"< 1 year, Male",,,,,,1,,,,,1,,2
HIV_HTS_TST_PITCT.P. 2,"< 1 year, Female",,,,,,1,,,,,,1,2
HIV_HTS_TST_PITCT.P. 3,"1 - 4 years, Male",,,,,,,,,,,,,
HIV_HTS_TST_PITCT.P. 4,"1 - 4 years, Female",,,,,,,,,,1,,,1
HIV_HTS_TST_PITCT.P. 5,"5 - 9 Years, Male",,,,,,,,,,,1,,1
HIV_HTS_TST_PITCT.P. 6,"5 - 9 Years, Female",,,,,,,,,,,,,
HIV_HTS_TST_PITCT.P. 7,"10 - 14 Years, Male",,,,,,,,,,,,,
HIV_HTS_TST_PITCT.P. 8,"10 - 14 Years, Female",1,,,,,,,,,1,,,2
HIV_HTS_TST_PITCT.P. 9,"15 - 19 Years, Male",,,,,,,,,,,,,
HIV_HTS_TST_PITCT.P. 10,"15 - 19 Years, Female",,,,,,,,,,1,,,1
HIV_HTS_TST_PITCT.P. 11,"20 - 24 Years, Male",,,,,,,,1,1,1,,1,4
HIV_HTS_TST_PITCT.P. 12,"20 - 24 Years, Female",,2,,1,,1,,,,1,1,,6
HIV_HTS_TST_PITCT.P. 13,"25 - 29 Years, Male",,,,1,,,,,,1,1,,3
HIV_HTS_TST_PITCT.P. 14,"25 - 29 Years, Female",,,,1,,1,,,,1,,2,5
HIV_HTS_TST_PITCT.P. 15,"30 - 34 Years, Male",,,,1,,1,,,,,,,2
HIV_HTS_TST_PITCT.P. 16,"30 - 34 Years, Female",,,,,1,,,1,1,,,,3
HIV_HTS_TST_PITCT.P. 17,"35 - 39 Years, Male",,,,1,1,1,,1,1,,2,1,8
HIV_HTS_TST_PITCT.P. 18,"35 - 39 Years, Female",,,1,,1,2,,,,2,2,,8
HIV_HTS_TST_PITCT.P. 19,"40 - 44 Years, Male",,,,,,1,,,,,,1,2
HIV_HTS_TST_PITCT.P. 20,"40 - 44 Years, Female",,1,,,,,,,,,,,1
HIV_HTS_TST_PITCT.P. 21,"45 - 49 Years, Male",1,,,,,1,,,,,,2,4
HIV_HTS_TST_PITCT.P. 22,"45 - 49 Years, Female",,,,1,,,,,,,,1,2
HIV_HTS_TST_PITCT.P. 23,">= 50 Years, Male",1,1,1,,1,2,,,,,,2,8
HIV_HTS_TST_PITCT.P. 24,">= 50 Years, Female",1,2,1,,,,,,,,,,4
HIV_HCT_PG,HCT by population group,,,,,,,,,,,,,
HIV_HTS_TST_POP.1,HIV_HTS received result by population group,850,779,813,885,779,925,780,794,909,925,968,978,"10,385"
HIV_HTS_TST_POP.2,HIV_HTS tested positive by population group,5,7,5,11,5,16,1,3,5,10,8,12,88
HIV_HTS_TST_POP.2.1.,Female comercial Sex workers : Received result,3,,1,1,1,2,,,1,,,,9
HIV_HTS_TST_POP.2.2.,Female comercial Sex workers :Positive,,,1,1,,,,,,,,,2
HIV_HTS_TST_POP.2.3.,Long distance drivers: Received result,8,7,6,11,8,12,10,13,12,8,11,12,118
HIV_HTS_TST_POP.2.4.,Long distance drivers :Positive,,,,,,1,,,,,,,1
HIV_HTS_TST_POP.2.5.,Mobile/Daily Laborers: Received result,43,42,44,49,48,42,34,39,48,41,45,37,512
HIV_HTS_TST_POP.2.6.,Mobile/Daily Laborers: Positive,1,1,1,2,1,1,,,1,,,,8
HIV_HTS_TST_POP.2.7.,OVC of PLHIV :Received result,,,,,,,,,,,,,
HIV_HTS_TST_POP.2.8.,OVC of PLHIV: Positive,,,,,,,,,,,,,
HIV_HTS_TST_POP.2.9.,Children of PLHIV: Received result,,,,,,,,,,,,,
HIV_HTS_TST_POP.2.10.,Children of PLHIV: Positive,,,,,,,,,,,,,
HIV_HTS_TST_POP.2.11.,Prisoners :Received result,,,,,,,,,,,,,
HIV_HTS_TST_POP.2.12.,Prisoners : Positive,,,,,,,,,,,,,
HIV_HTS_TST_POP.2.13.,Partners of PLHIV: Received result,,,,,,,,,,,,,
HIV_HTS_TST_POP.2.14.,Partners of PLHIV: Positive,,,,,,,,,,,,,
HIV_HTS_TST_POP.2.15.,Other MARPs:Received result,,,,,,,,,,,,,
HIV_HTS_TST_POP.2.16.,Other MARPs: Positive,,,,,,,,,,,,,
HIV_HTS_TST_POP.2.17.,General population: Received result,796,730,762,824,722,869,736,742,848,876,912,929,"9,746"
HIV_HTS_TST_POP.2.18.,General population: Positive,4,6,3,8,4,14,1,3,4,10,8,12,77
HIV_HTS_TST_INDEX,Number of individuals who were identified and tested using Index testing services and received their result,,,,,,,,,,,,,
HIV_HTS_TST_INDEX.1,Number of index cases offered,41,24,29,45,35,41,18,12,22,39,29,42,377
HIV_HTS_TST_INDEX.1. 1,"< 1 year, Male",,,,,,,,,,,1,,1
HIV_HTS_TST_INDEX.1. 2,"< 1 year, Female",,,,,,1,,,,,,1,2
HIV_HTS_TST_INDEX.1. 3,"1 - 4 years, Male",,,,,,1,,,,,,,1
HIV_HTS_TST_INDEX.1. 4,"1 - 4 years, Female",,,,,,,,,1,1,,,2
HIV_HTS_TST_INDEX.1. 5,"5 - 9 Years, Male",,,,,,,,,,,1,,1
HIV_HTS_TST_INDEX.1. 6,"5 - 9 Years, Female",,,,,,,,,,,,,
HIV_HTS_TST_INDEX.1. 7,"10 - 14 Years, Male",,,,,,,,,,,,,
HIV_HTS_TST_INDEX.1. 8,"10 - 14 Years, Female",1,1,,,,,,,,1,,,3
HIV_HTS_TST_INDEX.1. 9,"15 - 19 Years, Male",,,,,,,,,,,,1,1
HIV_HTS_TST_INDEX.1. 10,"15 - 19 Years, Female",,,,2,,,,,,1,,,3
HIV_HTS_TST_INDEX.1. 11,"20 - 24 Years, Male",1,,2,2,1,,,1,1,2,,1,11
HIV_HTS_TST_INDEX.1. 12,"20 - 24 Years, Female",2,2,1,3,,4,,,1,,1,1,15
HIV_HTS_TST_INDEX.1. 13,"25 - 29 Years, Male",,2,2,2,,1,1,1,,2,3,2,16
HIV_HTS_TST_INDEX.1. 14,"25 - 29 Years, Female",,1,1,2,4,5,3,,2,4,3,4,29
HIV_HTS_TST_INDEX.1. 15,"30 - 34 Years, Male",,,1,3,,2,,,,2,,2,10
HIV_HTS_TST_INDEX.1. 16,"30 - 34 Years, Female",4,,4,3,5,5,1,1,2,7,5,,37
HIV_HTS_TST_INDEX.1. 17,"35 - 39 Years, Male",1,,,4,4,1,,,2,4,4,2,22
HIV_HTS_TST_INDEX.1. 18,"35 - 39 Years, Female",2,7,5,5,6,3,3,4,2,4,2,2,45
HIV_HTS_TST_INDEX.1. 19,"40 - 44 Years, Male",1,1,1,4,1,4,1,1,1,1,,3,19
HIV_HTS_TST_INDEX.1. 20,"40 - 44 Years, Female",10,2,1,3,6,2,4,1,2,4,3,3,41
HIV_HTS_TST_INDEX.1. 21,"45 - 49 Years, Male",3,,1,2,1,3,1,2,1,,1,4,19
HIV_HTS_TST_INDEX.1. 22,"45 - 49 Years, Female",4,2,1,2,1,2,1,,1,2,1,1,18
HIV_HTS_TST_INDEX.1. 23,">= 50 Years, Male",9,4,5,5,5,5,2,,3,3,1,10,52
HIV_HTS_TST_INDEX.1. 24,">= 50 Years, Female",3,2,4,3,1,2,1,1,3,1,3,5,29
HIV_HTS_TST_INDEX.2,Number of contacts elicited,62,43,41,58,55,48,25,13,30,54,37,50,516
HIV_HTS_TST_INDEX.2. 1,"< 15 Years, Male",17,12,10,16,14,4,6,,4,10,6,7,106
HIV_HTS_TST_INDEX.2. 2,"< 15 Years, Female",15,8,8,14,11,10,9,5,6,14,7,5,112
HIV_HTS_TST_INDEX.2. 3,">= 15 Years, Male",18,13,10,15,18,14,4,3,12,19,15,12,153
HIV_HTS_TST_INDEX.2. 4,">= 15 Years, Female",12,10,13,13,12,20,6,5,8,11,9,26,145
HIV_HTS_TST_INDEX.3,Number of contacts tested,16,20,15,44,33,27,21,16,9,17,11,21,250
HIV_HTS_TST_INDEX.3. 1,"< 1 year, Male",,,,,,,,,,,,,
HIV_HTS_TST_INDEX.3. 2,"< 1 year, Female",,,,,,1,,,,,,,1
HIV_HTS_TST_INDEX.3. 3,"1 - 4 years, Male",2,3,1,4,3,1,1,,,,,,15
HIV_HTS_TST_INDEX.3. 4,"1 - 4 years, Female",2,4,2,4,2,,1,2,1,,2,2,22
HIV_HTS_TST_INDEX.3. 5,"5 - 9 Years, Male",4,,,3,2,1,1,2,1,1,,1,16
HIV_HTS_TST_INDEX.3. 6,"5 - 9 Years, Female",1,2,,3,5,1,2,1,2,1,1,1,20
HIV_HTS_TST_INDEX.3. 7,"10 - 14 Years, Male",1,1,,2,1,2,5,1,1,1,,2,17
HIV_HTS_TST_INDEX.3. 8,"10 - 14 Years, Female",1,2,,3,5,,2,5,1,1,,1,21
HIV_HTS_TST_INDEX.3. 9,"15 - 19 Years, Male",1,1,1,1,2,1,2,1,,,1,,11
HIV_HTS_TST_INDEX.3. 10,"15 - 19 Years, Female",,1,3,2,,1,2,,1,,2,,12
HIV_HTS_TST_INDEX.3. 11,"20 - 24 Years, Male",,,,1,,1,,,,1,,,3
HIV_HTS_TST_INDEX.3. 12,"20 - 24 Years, Female",,,,,,2,,1,,2,,,5
HIV_HTS_TST_INDEX.3. 13,"25 - 29 Years, Male",,,2,3,1,,,,,,,,6
HIV_HTS_TST_INDEX.3. 14,"25 - 29 Years, Female",1,1,1,3,1,2,,,,1,2,4,16
HIV_HTS_TST_INDEX.3. 15,"30 - 34 Years, Male",1,1,1,5,1,1,,,,5,1,2,18
HIV_HTS_TST_INDEX.3. 16,"30 - 34 Years, Female",,,,,1,2,,,1,1,,1,6
HIV_HTS_TST_INDEX.3. 17,"35 - 39 Years, Male",,,,1,,,1,1,,2,,,5
HIV_HTS_TST_INDEX.3. 18,"35 - 39 Years, Female",1,1,,3,1,3,1,,,,1,1,12
HIV_HTS_TST_INDEX.3. 19,"40 - 44 Years, Male",,,,,3,2,1,,,,,1,7
HIV_HTS_TST_INDEX.3. 20,"40 - 44 Years, Female",,,,,,3,,2,,,,2,7
HIV_HTS_TST_INDEX.3. 21,"45 - 49 Years, Male",,2,1,1,,,2,,,,,1,7
HIV_HTS_TST_INDEX.3. 22,"45 - 49 Years, Female",1,1,,1,,,,,1,1,,1,6
HIV_HTS_TST_INDEX.3. 23,">= 50 Years, Male",,,2,1,1,2,,,,,1,,7
HIV_HTS_TST_INDEX.3. 24,">= 50 Years, Female",,,1,3,4,1,,,,,,1,10
HIV_HTS_TST_INDEX_4,HIV_Number of index case contacts by test result (Positive),4,15,,2,5,15,,,4,24,15,7,91
HIV_HTS_TST_INDEX_4.1,New positive,,2,,2,1,4,,,,4,1,4,18
HIV_HTS_TST_INDEX_4.1. 1,"< 1 year, Male",,,,,,,,,,,,,
HIV_HTS_TST_INDEX_4.1. 2,"< 1 year, Female",,,,,,1,,,,,,,1
HIV_HTS_TST_INDEX_4.1. 3,"1 - 4 years, Male",,,,,,,,,,,,,
HIV_HTS_TST_INDEX_4.1. 4,"1 - 4 years, Female",,,,,,,,,,,,,
HIV_HTS_TST_INDEX_4.1. 5,"5 - 9 Years, Male",,,,,,,,,,,,,
HIV_HTS_TST_INDEX_4.1. 6,"5 - 9 Years, Female",,,,,,,,,,,,,
HIV_HTS_TST_INDEX_4.1. 7,"10 - 14 Years, Male",,,,,,,,,,,,,
HIV_HTS_TST_INDEX_4.1. 8,"10 - 14 Years, Female",,1,,,,,,,,1,,,2
HIV_HTS_TST_INDEX_4.1. 9,"15 - 19 Years, Male",,,,,,,,,,,,,
HIV_HTS_TST_INDEX_4.1. 10,"15 - 19 Years, Female",,,,,,,,,,,,,
HIV_HTS_TST_INDEX_4.1. 11,"20 - 24 Years, Male",,,,,,1,,,,1,,,2
HIV_HTS_TST_INDEX_4.1. 12,"20 - 24 Years, Female",,,,,,,,,,,,,
HIV_HTS_TST_INDEX_4.1. 13,"25 - 29 Years, Male",,,,,,,,,,1,,,1
HIV_HTS_TST_INDEX_4.1. 14,"25 - 29 Years, Female",,,,,1,,,,,1,,1,3
HIV_HTS_TST_INDEX_4.1. 15,"30 - 34 Years, Male",,,,1,,1,,,,,,1,3
HIV_HTS_TST_INDEX_4.1. 16,"30 - 34 Years, Female",,,,,,,,,,,,,
HIV_HTS_TST_INDEX_4.1. 17,"35 - 39 Years, Male",,,,,,,,,,,,,
HIV_HTS_TST_INDEX_4.1. 18,"35 - 39 Years, Female",,1,,,,,,,,,1,,2
HIV_HTS_TST_INDEX_4.1. 19,"40 - 44 Years, Male",,,,,,,,,,,,1,1
HIV_HTS_TST_INDEX_4.1. 20,"40 - 44 Years, Female",,,,,,,,,,,,,
HIV_HTS_TST_INDEX_4.1. 21,"45 - 49 Years, Male",,,,,,,,,,,,,
HIV_HTS_TST_INDEX_4.1. 22,"45 - 49 Years, Female",,,,,,,,,,,,1,1
HIV_HTS_TST_INDEX_4.1. 23,">= 50 Years, Male",,,,,,1,,,,,,,1
HIV_HTS_TST_INDEX_4.1. 24,">= 50 Years, Female",,,,1,,,,,,,,,1
HIV_HTS_TST_INDEX_4.2,Known positive,4,13,,,4,11,,,4,20,14,3,73
HIV_HTS_TST_INDEX_4.2. 1,"< 1 year, Male",,,,,,,,,,,,,
HIV_HTS_TST_INDEX_4.2. 2,"< 1 year, Female",,,,,,,,,,,,,
HIV_HTS_TST_INDEX_4.2. 3,"1 - 4 years, Male",,,,,1,,,,,,,,1
HIV_HTS_TST_INDEX_4.2. 4,"1 - 4 years, Female",,,,,,,,,1,1,,,2
HIV_HTS_TST_INDEX_4.2. 5,"5 - 9 Years, Male",,,,,,,,,,,,,
HIV_HTS_TST_INDEX_4.2. 6,"5 - 9 Years, Female",,,,,,,,,,,,,
HIV_HTS_TST_INDEX_4.2. 7,"10 - 14 Years, Male",,,,,,,,,,,,,
HIV_HTS_TST_INDEX_4.2. 8,"10 - 14 Years, Female",,,,,1,,,,,,,,1
HIV_HTS_TST_INDEX_4.2. 9,"15 - 19 Years, Male",,,,,,,,,,,,,
HIV_HTS_TST_INDEX_4.2. 10,"15 - 19 Years, Female",1,,,,,,,,,2,,,3
HIV_HTS_TST_INDEX_4.2. 11,"20 - 24 Years, Male",,,,,,,,,,,,2,2
HIV_HTS_TST_INDEX_4.2. 12,"20 - 24 Years, Female",,,,,,1,,,,1,,,2
HIV_HTS_TST_INDEX_4.2. 13,"25 - 29 Years, Male",,4,,,,1,,,,1,,,6
HIV_HTS_TST_INDEX_4.2. 14,"25 - 29 Years, Female",,3,,,,,,,1,3,3,1,11
HIV_HTS_TST_INDEX_4.2. 15,"30 - 34 Years, Male",,,,,,2,,,,2,1,,5
HIV_HTS_TST_INDEX_4.2. 16,"30 - 34 Years, Female",3,,,,,2,,,,5,4,,14
HIV_HTS_TST_INDEX_4.2. 17,"35 - 39 Years, Male",,,,,1,2,,,1,1,2,,7
HIV_HTS_TST_INDEX_4.2. 18,"35 - 39 Years, Female",,4,,,,,,,,1,2,,7
HIV_HTS_TST_INDEX_4.2. 19,"40 - 44 Years, Male",,2,,,,,,,,3,,,5
HIV_HTS_TST_INDEX_4.2. 20,"40 - 44 Years, Female",,,,,,,,,,,,,
HIV_HTS_TST_INDEX_4.2. 21,"45 - 49 Years, Male",,,,,,2,,,,,1,,3
HIV_HTS_TST_INDEX_4.2. 22,"45 - 49 Years, Female",,,,,,,,,,,,,
HIV_HTS_TST_INDEX_4.2. 23,">= 50 Years, Male",,,,,1,,,,1,,1,,3
HIV_HTS_TST_INDEX_4.2. 24,">= 50 Years, Female",,,,,,1,,,,,,,1
HIV_HTS_TST_SELF,HIV_Number of Individual HIV self test KIT distributed,19,5,17,39,31,2,7,,2,13,6,13,154
HIV_HTS_TST_SELF_A,Directly assisted,,,,,,2,,,,9,3,6,20
HIV_HTS_TST_SELF_A. 1,"15 - 19 Years, Male",,,,,,,,,,,,,
HIV_HTS_TST_SELF_A. 2,"15 - 19 Years, Female",,,,,,,,,,,,,
HIV_HTS_TST_SELF_A. 3,"20 - 24 Years, Male",,,,,,,,,,,,,
HIV_HTS_TST_SELF_A. 4,"20 - 24 Years, Female",,,,,,,,,,,,,
HIV_HTS_TST_SELF_A. 5,"25 - 29 Years, Male",,,,,,,,,,1,1,,2
HIV_HTS_TST_SELF_A. 6,"25 - 29 Years, Female",,,,,,,,,,,,,
HIV_HTS_TST_SELF_A. 7,"30 - 34 Years, Male",,,,,,,,,,3,,4,7
HIV_HTS_TST_SELF_A. 8,"30 - 34 Years, Female",,,,,,,,,,,,,
HIV_HTS_TST_SELF_A. 9,"35 - 39 Years, Male",,,,,,,,,,2,2,2,6
HIV_HTS_TST_SELF_A. 10,"35 - 39 Years, Female",,,,,,1,,,,,,,1
HIV_HTS_TST_SELF_A. 11,"40 - 44 Years, Male",,,,,,1,,,,3,,,4
HIV_HTS_TST_SELF_A. 12,"40 - 44 Years, Female",,,,,,,,,,,,,
HIV_HTS_TST_SELF_A. 13,"45 - 49 Years, Male",,,,,,,,,,,,,
HIV_HTS_TST_SELF_A. 14,"45 - 49 Years, Female",,,,,,,,,,,,,
HIV_HTS_TST_SELF_A. 15,">= 50 Years, Male",,,,,,,,,,,,,
HIV_HTS_TST_SELF_A. 16,">= 50 Years, Female",,,,,,,,,,,,,
HIV_HTS_TST_SELF_UN,Unassisted,19,5,17,39,31,,7,,2,4,3,7,134
HIV_HTS_TST_SELF_UN. 1,Male,11,4,9,26,19,,4,,2,1,2,4,82
HIV_HTS_TST_SELF_UN. 2,Female,8,1,8,13,12,,3,,,3,1,3,52
HIV_HIV_Treatment.,Does health facility provide ART Treatment Service?,1,1,1,1,1,1,1,1,1,1,1,1,12
HIV_TX_CURR_ALL,"HIV_Number of adults and children who are currently on ART by age, sex and regimen category","7,601","7,594","7,595","7,600","7,480","7,596","7,587","7,578","7,564","7,551","7,554","7,557","90,857"
HIV_TX_CURR_U1,HIV_Children currently on ART aged <1 yr by Sex,,,,,,1,1,1,2,2,2,3,12
HIV_TX_CURR_U15,HIV_Children currently on ART,93,91,91,90,90,91,81,81,82,82,84,84,"1,040"
HIV_TX_CURR_U1_1,Children currently on ART aged <1 yr on First line regimen by sex,,,,,,1,1,1,2,2,2,3,12
HIV_TX_CURR_U1_1. 1,Male,,,,,,,,,,,,,
HIV_TX_CURR_U1_1. 2,Female,,,,,,1,1,1,2,2,2,3,12
HIV_TX_CURR_U1_2,Children currently on ART aged <1 yr on Second line regimen by sex,,,,,,,,,,,,,
HIV_TX_CURR_U1_2. 1,Male,,,,,,,,,,,,,
HIV_TX_CURR_U1_2. 2,Female,,,,,,,,,,,,,
HIV_TX_CURR_U1_3,Children currently on ART aged <1 yr on Third line regimen by sex,,,,,,,,,,,,,
HIV_TX_CURR_U1_3. 1,Male,,,,,,,,,,,,,
HIV_TX_CURR_U1_3. 2,Female,,,,,,,,,,,,,
HIV_TX_CURR_U5,HIV_Children currently on ART aged 1-4 yr by Sex,7,7,7,7,7,8,8,8,8,8,9,9,93
HIV_TX_CURR_U5.1,Children currently on ART aged 1-4 yr on First line regimen by sex,7,7,7,7,7,8,8,8,8,8,9,9,93
HIV_TX_CURR_U5.1. 1,Male,2,2,2,2,2,3,3,3,3,3,3,3,31
HIV_TX_CURR_U5.1. 2,Female,5,5,5,5,5,5,5,5,5,5,6,6,62
HIV_TX_CURR_U5.2,Children currently on ART aged 1-4 yr on Second-line regimen by sex,,,,,,,,,,,,,
HIV_TX_CURR_U5.2. 1,Male,,,,,,,,,,,,,
HIV_TX_CURR_U5.2. 2,Female,,,,,,,,,,,,,
HIV_TX_CURR_U5.3,Children currently on ART aged 1-4 yr on Third line regimen by sex,,,,,,,,,,,,,
HIV_TX_CURR_U5.3. 1,Male,,,,,,,,,,,,,
HIV_TX_CURR_U5.3. 2,Female,,,,,,,,,,,,,
HIV_TX_CURR_U9,HIV_Children currently on ART aged 5-9 yr by sex,38,38,37,37,36,35,29,30,30,30,31,31,402
HIV_TX_CURR_U9.1,Childrencurrently on ART aged 5-9 yr on First line regimen by sex,37,37,36,36,35,34,28,29,29,29,30,30,390
HIV_TX_CURR_U9.1. 1,Male,23,23,22,22,21,20,17,18,18,18,19,19,240
HIV_TX_CURR_U9.1. 2,Female,14,14,14,14,14,14,11,11,11,11,11,11,150
HIV_TX_CURR_U9.2,Children currently on ART aged 5-9 yr on Second line regimen by sex,1,1,1,1,1,1,1,1,1,1,1,1,12
HIV_TX_CURR_U9.2. 1,Male,1,1,1,1,1,1,1,1,1,1,1,1,12
HIV_TX_CURR_U9.2. 2,Female,,,,,,,,,,,,,
HIV_TX_CURR_U9.3,Childrencurrently on ART aged 5-9 yr on Third line regimen by sex,,,,,,,,,,,,,
HIV_TX_CURR_U9.3. 1,Male,,,,,,,,,,,,,
HIV_TX_CURR_U9.3. 2,Female,,,,,,,,,,,,,
HIV_TX_CURR_U14,HIV_Children  currently on ART aged 10-14 year by Sex,48,46,47,46,47,47,43,42,42,42,42,41,533
HIV_TX_CURR_U14.1,Children currently on ART aged 10-14 year on First line regimen by sex,47,45,46,45,46,46,43,42,42,42,42,41,527
HIV_TX_CURR_U14.1. 1,Male,19,19,20,20,21,20,18,18,18,17,17,17,224
HIV_TX_CURR_U14.1. 2,Female,28,26,26,25,25,26,25,24,24,25,25,24,303
HIV_TX_CURR_U14.2,Children currently on ART aged 10-14 year on Second line regimen by sex,1,1,1,1,1,1,,,,,,,6
HIV_TX_CURR_U14.2. 1,Male,1,1,1,1,1,1,,,,,,,6
HIV_TX_CURR_U14.2. 2,Female,,,,,,,,,,,,,
HIV_TX_CURR_U14.3,Children currently on ART aged 10-14 years on Third line regimen by sex,,,,,,,,,,,,,
HIV_TX_CURR_U14.3. 1,Male,,,,,,,,,,,,,
HIV_TX_CURR_U14.3. 2,Female,,,,,,,,,,,,,
HIV_TX_CURR_ADULT,HIV_Adults currently on ART,"7,508","7,503","7,504","7,510","7,390","7,505","7,506","7,497","7,482","7,469","7,470","7,473","89,817"
HIV_TX_CURR_U19,HIV_Adult currently on ART aged 15-19 by Sex,139,137,134,130,15,128,123,124,123,122,123,119,"1,417"
HIV_TX_CURR_U19.1,Adult currently on ART aged 15-19 on First line regimen by sex,123,122,120,116,13,114,110,110,109,109,109,105,"1,260"
HIV_TX_CURR_U19.1. 1,Male,55,54,53,51,9,52,53,52,51,51,52,51,584
HIV_TX_CURR_U19.1. 2,Female,68,68,67,65,4,62,57,58,58,58,57,54,676
HIV_TX_CURR_U19.2,Adult currently on ART aged 15-19 on Second-line regimen by sex,15,14,13,13,1,13,12,13,13,12,13,13,145
HIV_TX_CURR_U19.2. 1,Male,11,10,9,9,1,8,8,9,9,8,8,8,98
HIV_TX_CURR_U19.2. 2,Female,4,4,4,4,,5,4,4,4,4,5,5,47
HIV_TX_CURR_U19.3,Adult currently on ART aged 15-19 on Third line regimen by sex,1,1,1,1,1,1,1,1,1,1,1,1,12
HIV_TX_CURR_U19.3. 1,Male,1,1,1,1,1,1,1,1,1,1,1,1,12
HIV_TX_CURR_U19.3. 2,Female,,,,,,,,,,,,,
HIV_TX_CURR_U24,HIV_Adult currently on ART aged 20-24 by Sex,331,328,328,334,336,331,310,307,301,296,295,297,"3,794"
HIV_TX_CURR_U24.1,Adult currently on ART aged 20-24 on First line regimen by sex,268,268,268,276,277,272,252,249,245,242,241,243,"3,101"
HIV_TX_CURR_U24.1. 1,Male,117,117,117,119,122,118,112,113,110,110,107,109,"1,371"
HIV_TX_CURR_U24.1. 2,Female,151,151,151,157,155,154,140,136,135,132,134,134,"1,730"
HIV_TX_CURR_U24.2,Adult currently on ART aged 20-24 on Second-line regimen by sex,62,59,59,57,57,57,56,57,55,53,53,53,678
HIV_TX_CURR_U24.2. 1,Male,34,33,33,31,31,32,31,31,30,29,29,29,373
HIV_TX_CURR_U24.2. 2,Female,28,26,26,26,26,25,25,26,25,24,24,24,305
HIV_TX_CURR_U24.3,Adult currently on ART aged 20-24 on Third line regimen by sex,1,1,1,1,2,2,2,1,1,1,1,1,15
HIV_TX_CURR_U24.3. 1,Male,,,,,,,,,,,,,
HIV_TX_CURR_U24.3. 2,Female,1,1,1,1,2,2,2,1,1,1,1,1,15
HIV_TX_CURR_U29,HIV_Adult currently on ART aged 25-29 by Sex,305,312,312,315,317,327,335,338,340,348,350,354,"3,953"
HIV_TX_CURR_U29.1,Adult currently on ART aged 25-29 on First line regimen by sex,227,234,234,236,238,248,262,266,265,270,273,276,"3,029"
HIV_TX_CURR_U29.1. 1,Male,97,101,102,103,104,109,112,114,115,116,118,116,"1,307"
HIV_TX_CURR_U29.1. 2,Female,130,133,132,133,134,139,150,152,150,154,155,160,"1,722"
HIV_TX_CURR_U29.2,Adult currently on ART aged 25-29 on Second line regimen by sex,68,68,68,69,69,69,64,63,66,69,68,69,810
HIV_TX_CURR_U29.2. 1,Male,40,40,40,41,41,41,40,39,40,42,41,42,487
HIV_TX_CURR_U29.2. 2,Female,28,28,28,28,28,28,24,24,26,27,27,27,323
HIV_TX_CURR_U29.3,Adult currently on ART aged 25-29 on Third line regimen by sex,10,10,10,10,10,10,9,9,9,9,9,9,114
HIV_TX_CURR_U29.3. 1,Male,6,6,6,6,6,6,6,6,6,6,6,6,72
HIV_TX_CURR_U29.3. 2,Female,4,4,4,4,4,4,3,3,3,3,3,3,42
HIV_TX_CURR_U34,HIV_Adult currently on ART aged 30-34 by Sex,257,254,256,256,255,257,250,249,248,250,254,256,"3,042"
HIV_TX_CURR_U34.1,Adult currently on ART aged 30-34 on First line regimen by sex,204,202,204,205,204,208,199,198,197,199,204,207,"2,431"
HIV_TX_CURR_U34.1. 1,Male,60,59,60,60,60,61,57,56,56,59,61,64,713
HIV_TX_CURR_U34.1. 2,Female,144,143,144,145,144,147,142,142,141,140,143,143,"1,718"
HIV_TX_CURR_U34.2,Adult currently on ART aged 30-34 on Second line regimen by sex,46,45,45,44,44,42,43,43,44,43,42,41,522
HIV_TX_CURR_U34.2. 1,Male,16,15,15,14,14,14,15,15,16,15,15,14,178
HIV_TX_CURR_U34.2. 2,Female,30,30,30,30,30,28,28,28,28,28,27,27,344
HIV_TX_CURR_U34.3,Adult currently on ART aged 30-34 on Third line regimen by sex,7,7,7,7,7,7,8,8,7,8,8,8,89
HIV_TX_CURR_U34.3. 1,Male,1,1,1,1,1,1,1,1,1,1,1,1,12
HIV_TX_CURR_U34.3. 2,Female,6,6,6,6,6,6,7,7,6,7,7,7,77
HIV_TX_CURR_U39,HIV_Adult currently on ART aged 35-39 by Sex,470,465,466,466,466,463,431,430,428,418,416,413,"5,332"
HIV_TX_CURR_U39.1,Adult currently on ART aged 35-39 on First line regimen by sex,396,392,393,392,392,389,363,362,362,354,353,350,"4,498"
HIV_TX_CURR_U39.1. 1,Male,89,87,87,88,88,87,87,87,90,88,86,86,"1,050"
HIV_TX_CURR_U39.1. 2,Female,307,305,306,304,304,302,276,275,272,266,267,264,"3,448"
HIV_TX_CURR_U39.2,Adult currently on ART aged 35-39 on Second line regimen by sex,68,67,67,68,69,69,63,63,61,59,58,58,770
HIV_TX_CURR_U39.2. 1,Male,16,16,16,17,18,17,16,16,16,16,15,16,195
HIV_TX_CURR_U39.2. 2,Female,52,51,51,51,51,52,47,47,45,43,43,42,575
HIV_TX_CURR_U39.3,Adult currently on ART aged 35-39 on Third line regimen by sex,6,6,6,6,5,5,5,5,5,5,5,5,64
HIV_TX_CURR_U39.3. 1,Male,3,3,3,3,2,2,2,2,2,2,2,2,28
HIV_TX_CURR_U39.3. 2,Female,3,3,3,3,3,3,3,3,3,3,3,3,36
HIV_TX_CURR_U44,HIV_Adult currently on ART aged 40-44 by Sex,956,944,934,916,911,904,895,885,878,875,868,861,"10,827"
HIV_TX_CURR_U44.1,Adult currently on ART aged 40-44 on First line regimen by sex,826,815,807,790,783,776,765,755,750,746,738,734,"9,285"
HIV_TX_CURR_U44.1. 1,Male,199,196,199,199,197,194,177,175,175,174,176,177,"2,238"
HIV_TX_CURR_U44.1. 2,Female,627,619,608,591,586,582,588,580,575,572,562,557,"7,047"
HIV_TX_CURR_U44.2,Adult currently on ART aged 40-44 on Second line regimen by sex,120,119,118,117,119,119,121,121,119,120,120,117,"1,430"
HIV_TX_CURR_U44.2. 1,Male,23,23,23,23,24,24,26,26,26,26,27,25,296
HIV_TX_CURR_U44.2. 2,Female,97,96,95,94,95,95,95,95,93,94,93,92,"1,134"
HIV_TX_CURR_U44.3,Adult currently on ART aged 40-44 on Third line regimen by sex,10,10,9,9,9,9,9,9,9,9,10,10,112
HIV_TX_CURR_U44.3. 1,Male,2,2,2,2,2,2,2,2,2,2,3,3,26
HIV_TX_CURR_U44.3. 2,Female,8,8,7,7,7,7,7,7,7,7,7,7,86
HIV_TX_CURR_U49,HIV_Adult currently on ART aged 45-49 by Sex,"1,286","1,284","1,280","1,282","1,274","1,272","1,279","1,277","1,271","1,256","1,250","1,247","15,258"
HIV_TX_CURR_U49.1,Adult currently on ART aged 45-49 on First line regimen by sex,"1,124","1,123","1,120","1,122","1,118","1,116","1,123","1,124","1,119","1,104","1,104","1,098","13,395"
HIV_TX_CURR_U49.1. 1,Male,359,355,347,343,340,340,348,347,340,332,326,319,"4,096"
HIV_TX_CURR_U49.1. 2,Female,765,768,773,779,778,776,775,777,779,772,778,779,"9,299"
HIV_TX_CURR_U49.2,Adult currently on ART aged 45-49 on Second line regimen by sex,149,147,145,145,143,143,144,141,140,140,135,138,"1,710"
HIV_TX_CURR_U49.2. 1,Male,62,61,60,59,58,59,56,54,52,52,51,53,677
HIV_TX_CURR_U49.2. 2,Female,87,86,85,86,85,84,88,87,88,88,84,85,"1,033"
HIV_TX_CURR_U49.3,Adult currently on ART aged 45-49 on Third line regimen by sex,13,14,15,15,13,13,12,12,12,12,11,11,153
HIV_TX_CURR_U49.3. 1,Male,8,8,8,8,6,6,5,5,5,5,4,4,72
HIV_TX_CURR_U49.3. 2,Female,5,6,7,7,7,7,7,7,7,7,7,7,81
HIV_TX_CURR_50,HIV_Adult currently on ART aged 50+ by Sex,"3,764","3,779","3,794","3,811","3,816","3,823","3,883","3,887","3,893","3,904","3,914","3,926","46,194"
HIV_TX_CURR_50.1,Adult currently on ART aged 50+ on First line regimen by sex,"3,409","3,427","3,440","3,457","3,461","3,469","3,520","3,521","3,529","3,543","3,548","3,562","41,886"
HIV_TX_CURR_50.1. 1,Male,"1,746","1,753","1,760","1,763","1,764","1,765","1,786","1,784","1,786","1,789","1,793","1,796","21,285"
HIV_TX_CURR_50.1. 2,Female,"1,663","1,674","1,680","1,694","1,697","1,704","1,734","1,737","1,743","1,754","1,755","1,766","20,601"
HIV_TX_CURR_50.2,Adult currently on ART aged 50+ on Second line regimen by sex,325,322,324,324,323,322,330,333,331,329,334,333,"3,930"
HIV_TX_CURR_50.2. 1,Male,199,196,196,197,195,195,198,197,195,195,198,198,"2,359"
HIV_TX_CURR_50.2. 2,Female,126,126,128,127,128,127,132,136,136,134,136,135,"1,571"
HIV_TX_CURR_50.3,Adult currently on ART aged 50+ on Third line regimen by sex,30,30,30,30,32,32,33,33,33,32,32,31,378
HIV_TX_CURR_50.3. 1,Male,20,20,20,20,21,21,22,22,22,22,22,22,254
HIV_TX_CURR_50.3. 2,Female,10,10,10,10,11,11,11,11,11,10,10,9,124
HIV_TX_CURR_PREG,Currently on ART by pregnancy status,"4,391","4,391","4,391","4,396","4,391","4,396","4,387","4,384",478,"4,371","4,372","4,375","48,723"
HIV_TX_CURR_PREG. 1,Pregnant,45,46,43,44,44,45,47,54,59,59,64,73,623
HIV_TX_CURR_PREG. 2,Non Pregnant,"4,346","4,345","4,348","4,352","4,347","4,351","4,340","4,330",419,"4,312","4,308","4,302","48,100"
HIV_TX_CURR_REG_U1,HIV_Children currently on ART aged <1 yr by regimen type,,,,,,1,1,1,2,2,2,3,12
HIV_TX_CURR_REG_U19,HIV_Number of children (<19) who are currently on ART by regimen type,232,228,225,220,216,219,204,206,206,204,207,168,"2,535"
HIV_TX_CURR_REG_U1.1,Children currently on ART aged <1 yr on First line regimen by regimen type,,,,,,1,1,1,2,2,2,3,12
HIV_TX_CURR_REG_U1.1. 1,4f=AZT + 3TC + LPV/r,,,,,,,,,,,,,
HIV_TX_CURR_REG_U1.1. 2,4g=ABC + 3TC + LPV/r,,,,,,,,,,,,,
HIV_TX_CURR_REG_U1.1. 3,4j= ABC +3TC + DTG,,,,,,1,1,1,2,2,2,3,12
HIV_TX_CURR_REG_U1.1. 4,4k= AZT + 3TC + DTG,,,,,,,,,,,,,
HIV_TX_CURR_REG_U1.1. 5,4h=other first line,,,,,,,,,,,,,
HIV_TX_CURR_REG_U1.2,Children currently on ART aged <1 yr on second line regimen by regimen type,,,,,,,,,,,,,
HIV_TX_CURR_REG_U1.2. 1,5e=ABC + 3TC + LPV/r,,,,,,,,,,,,,
HIV_TX_CURR_REG_U1.2. 2,5f=AZT + 3TC + LPV/r,,,,,,,,,,,,,
HIV_TX_CURR_REG_U1.2. 3,5m = ABC + 3TC + DTG,,,,,,,,,,,,,
HIV_TX_CURR_REG_U1.2. 4,5n= AZT + 3TC + DTG,,,,,,,,,,,,,
HIV_TX_CURR_REG_U1.2. 5,5j=Other Secondline,,,,,,,,,,,,,
HIV_TX_CURR_REG_U1.3,Children currently on ART aged <1 yr on Third line regimen by regimen type,,,,,,,,,,,,,
HIV_TX_CURR_REG_U1.3. 1,6c=DRV/r+DTG+AZT+3TC,,,,,,,,,,,,,
HIV_TX_CURR_REG_U1.3. 2,6f= DRV/r + DTG + ABC + 3TC,,,,,,,,,,,,,
HIV_TX_CURR_REG_U1.3. 3,6e=Other thirdline regimen,,,,,,,,,,,,,
HIV_TX_CURR_REG_U4,HIV_Children currently on ART aged 1-4 yr by regimen type,7,7,7,7,7,8,8,8,8,8,9,9,93
HIV_TX_CURR_REG_U4.1,Children currently on ART aged 1-4 yr on First line regimen by regimen type,7,7,7,7,7,8,8,8,8,8,9,9,93
HIV_TX_CURR_REG_U4.1. 1,4d = AZT+3TC+EFV,,,,,,,,,,,,,
HIV_TX_CURR_REG_U4.1. 2,4f=AZT + 3TC + LPV/r,,,,,,,,,,,,,
HIV_TX_CURR_REG_U4.1. 3,4g=ABC + 3TC + LPV/r,,,,,,,,,,,,,
HIV_TX_CURR_REG_U4.1. 4,4j= ABC +3TC + DTG,7,7,7,7,7,8,8,8,8,8,9,9,93
HIV_TX_CURR_REG_U4.1. 5,4k= AZT + 3TC + DTG,,,,,,,,,,,,,
HIV_TX_CURR_REG_U4.1. 6,4L= ABC + 3TC + EFV,,,,,,,,,,,,,
HIV_TX_CURR_REG_U4.1. 7,4h=other first line,,,,,,,,,,,,,
HIV_TX_CURR_REG_U4.2,Children currently on ART aged 1-4 yr on Second-line regimen by regimen type,,,,,,,,,,,,,
HIV_TX_CURR_REG_U4.2. 1,5e=ABC + 3TC + LPV/r,,,,,,,,,,,,,
HIV_TX_CURR_REG_U4.2. 2,5f=AZT + 3TC + LPV/r,,,,,,,,,,,,,
HIV_TX_CURR_REG_U4.2. 3,5h=ABC + 3TC + EFV,,,,,,,,,,,,,
HIV_TX_CURR_REG_U4.2. 4,5m = ABC + 3TC + DTG,,,,,,,,,,,,,
HIV_TX_CURR_REG_U4.2. 5,5n= AZT + 3TC + DTG,,,,,,,,,,,,,
HIV_TX_CURR_REG_U4.2. 6,5j=Other Secondline,,,,,,,,,,,,,
HIV_TX_CURR_REG_U4.3,Children currently on ART aged 1-4 yr on Third Line regimen by regimen type,,,,,,,,,,,,,
HIV_TX_CURR_REG_U4.3. 1,6c=DRV/r+DTG+AZT+3TC,,,,,,,,,,,,,
HIV_TX_CURR_REG_U4.3. 2,6f= DRV/r + DTG + ABC + 3TC,,,,,,,,,,,,,
HIV_TX_CURR_REG_U4.3. 3,6g= DRV/r +ABC+3TC+ EFV,,,,,,,,,,,,,
HIV_TX_CURR_REG_U4.3. 4,6h= DRV/r +AZT+3TC+EFV,,,,,,,,,,,,,
HIV_TX_CURR_REG_U4.3. 5,6e=Other thirdline regimen,,,,,,,,,,,,,
HIV_TX_CURR_REG_U9,HIV_Children currently on ART aged 5-9 yr on by regimen type,38,38,37,37,36,35,29,31,30,30,31,31,403
HIV_TX_CURR_REG_U9.1,Children currently on ART aged 5-9 yr on First line regimen by regimen type,37,37,36,36,35,34,28,30,29,29,30,30,391
HIV_TX_CURR_REG_U9.1. 1,4d = AZT+3TC+EFV,,,,,,,,,,,,,
HIV_TX_CURR_REG_U9.1. 2,4e= TDF+3TC+EFV,,,,,,,,,,,,,
HIV_TX_CURR_REG_U9.1. 3,4f=AZT + 3TC + LPV/r,,,,,,,,,,,,,
HIV_TX_CURR_REG_U9.1. 4,4g=ABC + 3TC + LPV/r,,,,,,,,,,,,,
HIV_TX_CURR_REG_U9.1. 5,4i= TDF + 3TC + DTG,3,3,3,3,3,3,2,2,2,2,2,2,30
HIV_TX_CURR_REG_U9.1. 6,4j= ABC +3TC + DTG,33,33,32,32,31,30,25,26,26,26,27,27,348
HIV_TX_CURR_REG_U9.1. 7,4k= AZT + 3TC + DTG,1,1,1,1,1,1,1,1,1,1,1,1,12
HIV_TX_CURR_REG_U9.1. 8,4L= ABC + 3TC + EFV,,,,,,,,,,,,,
HIV_TX_CURR_REG_U9.1. 9,4h=other first line,,,,,,,,1,,,,,1
HIV_TX_CURR_REG_U9.2,Children currently on ART aged 5-9 yr on Second line regimen by regimen type,1,1,1,1,1,1,1,1,1,1,1,1,12
HIV_TX_CURR_REG_U9.2. 1,5e=ABC + 3TC + LPV/r,,,,,,,,,,,,,
HIV_TX_CURR_REG_U9.2. 2,5f=AZT + 3TC + LPV/r,,,,,,,,,,,,,
HIV_TX_CURR_REG_U9.2. 3,5g= TDF + 3TC + EFV,,,,,,,,,,,,,
HIV_TX_CURR_REG_U9.2. 4,5h=ABC + 3TC + EFV,,,,,,,,,,,,,
HIV_TX_CURR_REG_U9.2. 5,5i=TDF + 3TC+ LPV/r,,,,,,,,,,,,,
HIV_TX_CURR_REG_U9.2. 6,5m = ABC + 3TC + DTG,,,,,,,,,,,,,
HIV_TX_CURR_REG_U9.2. 7,5n= AZT + 3TC + DTG,,,,,,,,,,,,,
HIV_TX_CURR_REG_U9.2. 8,5o= TDF + 3TC + DTG,,,,,,,,,,,,,
HIV_TX_CURR_REG_U9.2. 9,5j=Other Secondline,1,1,1,1,1,1,1,1,1,1,1,1,12
HIV_TX_CURR_REG_U9.3,Children currently on ART aged 5-9 yr on Third Line regimen by regimen type,,,,,,,,,,,,,
HIV_TX_CURR_REG_U9.3. 1,6c=DRV/r+DTG+AZT+3TC,,,,,,,,,,,,,
HIV_TX_CURR_REG_U9.3. 2,6d=DRV/r+DTG+TDF+3TC,,,,,,,,,,,,,
HIV_TX_CURR_REG_U9.3. 3,6f= DRV/r + DTG + ABC + 3TC,,,,,,,,,,,,,
HIV_TX_CURR_REG_U9.3. 4,6g= DRV/r +ABC+3TC+ EFV,,,,,,,,,,,,,
HIV_TX_CURR_REG_U9.3. 5,6h= DRV/r +AZT+3TC+EFV,,,,,,,,,,,,,
HIV_TX_CURR_REG_U9.3. 6,6e=Other thirdline regimen,,,,,,,,,,,,,
HIV_TX_CURR_REG_U14,HIV_Children currently on ART aged 10-14 year by regimen type,48,46,47,46,47,47,43,42,43,42,42,41,534
HIV_TX_CURR_REG_U14.1,Children currently on ART aged 10-14 year on First line regimen by regimen type,47,45,46,45,46,46,43,42,43,42,42,41,528
HIV_TX_CURR_REG_U14.1. 1,4d = AZT+3TC+EFV,,,,,,,,,,,,,
HIV_TX_CURR_REG_U14.1. 2,4e= TDF+3TC+EFV,,,,,,,,,,,,,
HIV_TX_CURR_REG_U14.1. 3,4f=AZT + 3TC + LPV/r,,,,,,,,,,,,,
HIV_TX_CURR_REG_U14.1. 4,4g=ABC + 3TC + LPV/r,,,,,,,,,,,,,
HIV_TX_CURR_REG_U14.1. 5,4i= TDF + 3TC + DTG,30,28,28,27,27,26,19,19,19,18,18,17,276
HIV_TX_CURR_REG_U14.1. 6,4j= ABC +3TC + DTG,14,14,15,15,16,16,20,19,19,19,19,19,205
HIV_TX_CURR_REG_U14.1. 7,4k= AZT + 3TC + DTG,1,1,1,1,1,1,1,1,1,1,1,1,12
HIV_TX_CURR_REG_U14.1. 8,4L= ABC + 3TC + EFV,,,,,,,,,,,,,
HIV_TX_CURR_REG_U14.1. 9,4h=other first line,2,2,2,2,2,3,3,3,4,4,4,4,35
HIV_TX_CURR_REG_U14.2,Children currently on ART aged 10-14 year on Second line regimen by regimen type,1,1,1,1,1,1,,,,,,,6
HIV_TX_CURR_REG_U14.2. 1,5e=ABC + 3TC + LPV/r,,,,,,,,,,,,,
HIV_TX_CURR_REG_U14.2. 2,5f=AZT + 3TC + LPV/r,,,,,,,,,,,,,
HIV_TX_CURR_REG_U14.2. 3,5g= TDF + 3TC + EFV,,,,,,,,,,,,,
HIV_TX_CURR_REG_U14.2. 4,5h=ABC + 3TC + EFV,,,,,,,,,,,,,
HIV_TX_CURR_REG_U14.2. 5,5i=TDF + 3TC+ LPV/r,,,,,,,,,,,,,
HIV_TX_CURR_REG_U14.2. 6,5m = ABC + 3TC + DTG,,,,,,,,,,,,,
HIV_TX_CURR_REG_U14.2. 7,5n= AZT + 3TC + DTG,,,,,,,,,,,,,
HIV_TX_CURR_REG_U14.2. 8,5o= TDF + 3TC + DTG,,,,,,,,,,,,,
HIV_TX_CURR_REG_U14.2. 9,5j=Other Secondline,1,1,1,1,1,1,,,,,,,6
HIV_TX_CURR_REG_U14.3,Children currently on ART aged 10-14 year on Third Line regimen by regimen type,,,,,,,,,,,,,
HIV_TX_CURR_REG_U14.3. 1,6c=DRV/r+DTG+AZT+3TC,,,,,,,,,,,,,
HIV_TX_CURR_REG_U14.3. 2,6d=DRV/r+DTG+TDF+3TC,,,,,,,,,,,,,
HIV_TX_CURR_REG_U14.3. 3,6f= DRV/r + DTG + ABC + 3TC,,,,,,,,,,,,,
HIV_TX_CURR_REG_U14.3. 4,6g= DRV/r +ABC+3TC+ EFV,,,,,,,,,,,,,
HIV_TX_CURR_REG_U14.3. 5,6h= DRV/r +AZT+3TC+EFV,,,,,,,,,,,,,
HIV_TX_CURR_REG_U14.3. 6,6e=Other thirdline regimen,,,,,,,,,,,,,
HIV_TX_CURR_REG_U_15-19,HIV_Adult currently on ART aged 15-19 by regimen type,139,137,134,130,126,128,123,124,123,122,123,84,"1,493"
HIV_TX_CURR_REG_U19.1,Adult currently on ART aged 15-19 onFirst line regimen by regimen type,123,122,120,116,112,114,110,110,109,109,109,70,"1,324"
HIV_TX_CURR_REG_U19.1. 1,1d = AZT-3TC-EFV,,,,,,,,,,,,,
HIV_TX_CURR_REG_U19.1. 2,1e = TDF-3TC-EFV,,,,,,,,,,,,,
HIV_TX_CURR_REG_U19.1. 3,1g= ABC + 3TC + EFV,,,,,,,,,,,,,
HIV_TX_CURR_REG_U19.1. 4,1j=TDF + 3TC + DTG,83,84,84,81,80,82,71,72,74,73,73,70,927
HIV_TX_CURR_REG_U19.1. 5,1k= AZT +3TC +DTG,1,1,,,,,,,,,,,2
HIV_TX_CURR_REG_U19.1. 6,1i = Other Specify,39,37,36,35,32,32,39,38,35,36,36,,395
HIV_TX_CURR_REG_U19.2,Adult currently on ART aged 15-19 on Second line regimen by regimen type,15,14,13,13,13,13,12,13,13,12,13,13,157
HIV_TX_CURR_REG_U19.2. 1,2e= AZT+3TC+LPV/r,,,,,,,,,,,,,
HIV_TX_CURR_REG_U19.2. 2,2f=AZT+3TC+ATV/r,,,,,,,1,1,1,1,1,1,6
HIV_TX_CURR_REG_U19.2. 3,2g= TDF-3TC-LPV/r,,,,,,,,,,,,,
HIV_TX_CURR_REG_U19.2. 4,2h =TDF-3TC-ATV/r,9,8,8,8,8,9,9,9,9,8,8,8,101
HIV_TX_CURR_REG_U19.2. 5,2i = ABC + 3TC + LPV/r,1,1,1,1,1,1,,,,,,,6
HIV_TX_CURR_REG_U19.2. 6,2j = TDF + 3TC + DTG,,,,,,,,,,,,,
HIV_TX_CURR_REG_U19.2. 7,2k = AZT + 3TC + DTG,,,,,,,,,,,,,
HIV_TX_CURR_REG_U19.2. 8,2l=other secondline,5,5,4,4,4,3,2,3,3,3,4,4,44
HIV_TX_CURR_REG_U19.3,Adult currently on ART aged 15-19 on Third Line regimen by regimen type,1,1,1,1,1,1,1,1,1,1,1,1,12
HIV_TX_CURR_REG_U19.3. 1,3a=DRV/r+DTG+AZT/3TC,,,,,,,,,,,,,
HIV_TX_CURR_REG_U19.3. 2,3b=DRV/r+DTG+TDF/3TC,1,1,1,1,1,1,1,1,1,1,1,1,12
HIV_TX_CURR_REG_U19.3. 3,3c=DRV/r+ABC+3TC+DTG,,,,,,,,,,,,,
HIV_TX_CURR_REG_U19.3. 4,3e= DRV/r+TDF+3TC+EFV,,,,,,,,,,,,,
HIV_TX_CURR_REG_U19.3. 5,3f= DRV/r+AZT+3TC +EFV,,,,,,,,,,,,,
HIV_TX_CURR_REG_U19.3. 6,3d=Other thirdline,,,,,,,,,,,,,
HIV_TX_CURR_REG_20,HIV_Adults >=20 years currently on ART by regimen type,"7,369","4,907","7,370","7,380","7,375","7,377","7,301","7,372","7,362","7,347","7,347","7,357","85,864"
HIV_TX_CURR_REG_20.1,Adults >=20 years currently on First line regimen by regimen type,"6,454","4,002","6,466","6,478","6,473","6,478","6,484","6,474","6,470","6,458","6,461","6,473","75,171"
HIV_TX_CURR_REG_20.1. 1,"1d = AZT-3TC-EFV, Male",4,4,4,4,4,4,4,4,4,4,4,4,48
HIV_TX_CURR_REG_20.1. 2,"1d = AZT-3TC-EFV, Female - Pregnant",,,,,,,,,,,,,
HIV_TX_CURR_REG_20.1. 3,"1d = AZT-3TC-EFV, Female - Non-Pregnant",1,1,1,1,1,1,1,1,1,1,1,1,12
HIV_TX_CURR_REG_20.1. 4,"1e = TDF-3TC-EFV, Male",179,177,174,170,167,165,165,162,162,161,160,156,"1,998"
HIV_TX_CURR_REG_20.1. 5,"1e = TDF-3TC-EFV, Female - Pregnant",,,,,,1,1,2,1,1,1,1,8
HIV_TX_CURR_REG_20.1. 6,"1e = TDF-3TC-EFV, Female - Non-Pregnant",133,133,132,129,130,131,130,131,128,128,127,127,"1,559"
HIV_TX_CURR_REG_20.1. 7,"1g= ABC + 3TC + EFV, Male",8,8,8,8,8,8,8,7,8,9,9,9,98
HIV_TX_CURR_REG_20.1. 8,"1g= ABC + 3TC + EFV, Female - Pregnant",,,,,,,,,,,,,
HIV_TX_CURR_REG_20.1. 9,"1g= ABC + 3TC + EFV, Female - Non-Pregnant",4,4,4,4,4,4,4,4,4,4,4,5,49
HIV_TX_CURR_REG_20.1. 10,"1j=TDF + 3TC + DTG, Male","2,416",,"2,422","2,429","2,434","2,437","2,441","2,439","2,432","2,425","2,426","2,432","26,733"
HIV_TX_CURR_REG_20.1. 11,"1j=TDF + 3TC + DTG, Female - Pregnant",41,,40,39,39,39,41,47,51,50,54,60,501
HIV_TX_CURR_REG_20.1. 12,"1j=TDF + 3TC + DTG, Female - Non-Pregnant","3,564","3,566","3,569","3,581","3,576","3,580","3,582","3,566","3,559","3,556","3,556","3,556","42,811"
HIV_TX_CURR_REG_20.1. 13,"1k= AZT +3TC +DTG, Male",2,2,2,2,2,2,2,2,2,2,2,3,25
HIV_TX_CURR_REG_20.1. 14,"1k= AZT +3TC +DTG, Female - Pregnant",,,,,,,,,,,,,
HIV_TX_CURR_REG_20.1. 15,"1k= AZT +3TC +DTG, Female - Non-Pregnant",4,4,4,4,4,4,4,4,4,4,4,4,48
HIV_TX_CURR_REG_20.1. 16,"1i = Other Specify, Male",58,60,62,62,60,58,59,62,67,67,66,66,747
HIV_TX_CURR_REG_20.1. 17,"1i = Other Specify, Female - Pregnant",,,,,,1,1,1,1,1,1,1,7
HIV_TX_CURR_REG_20.1. 18,"1i = Other Specify, Female - Non-Pregnant",40,43,44,45,44,43,41,42,46,45,46,48,527
HIV_TX_CURR_REG_20.2,Adults >=20 years currently on Second line regimen by regimen type,838,827,826,824,824,821,739,821,816,813,810,809,"9,768"
HIV_TX_CURR_REG_20.2. 1,"2e= AZT+3TC+LPV/r, Male",,,,,,,,,,,,,
HIV_TX_CURR_REG_20.2. 2,"2e= AZT+3TC+LPV/r, Female - Pregnant",,,,,,,,,,,,,
HIV_TX_CURR_REG_20.2. 3,"2e= AZT+3TC+LPV/r, Female - Non-Pregnant",2,2,2,2,1,1,46,1,2,2,1,1,63
HIV_TX_CURR_REG_20.2. 4,"2f=AZT+3TC+ATV/r, Male",44,44,43,43,43,45,1,45,45,45,45,45,488
HIV_TX_CURR_REG_20.2. 5,"2f=AZT+3TC+ATV/r, Female - Pregnant",1,1,1,1,1,1,,1,2,2,2,2,15
HIV_TX_CURR_REG_20.2. 6,"2f=AZT+3TC+ATV/r, Female - Non-Pregnant",80,80,80,80,82,82,,82,81,80,78,79,884
HIV_TX_CURR_REG_20.2. 7,"2g= TDF-3TC-LPV/r, Male",2,2,2,1,1,1,187,,1,1,1,1,200
HIV_TX_CURR_REG_20.2. 8,"2g= TDF-3TC-LPV/r, Female - Pregnant",,,,,,,1,,,,,,1
HIV_TX_CURR_REG_20.2. 9,"2g= TDF-3TC-LPV/r, Female - Non-Pregnant",1,1,,,,,175,,,,,,177
HIV_TX_CURR_REG_20.2. 10,"2h =TDF-3TC-ATV/r, Male",194,189,187,187,187,187,4,185,181,181,179,180,"2,041"
HIV_TX_CURR_REG_20.2. 11,"2h =TDF-3TC-ATV/r, Female - Pregnant",1,1,,1,1,1,,1,1,2,3,4,16
HIV_TX_CURR_REG_20.2. 12,"2h =TDF-3TC-ATV/r, Female - Non-Pregnant",178,175,178,177,177,175,8,178,176,175,172,168,"1,937"
HIV_TX_CURR_REG_20.2. 13,"2i = ABC + 3TC + LPV/r, Male",3,3,3,3,3,3,,4,4,4,4,4,38
HIV_TX_CURR_REG_20.2. 14,"2i = ABC + 3TC + LPV/r, Female - Pregnant",,,,,,,,,,,,,
HIV_TX_CURR_REG_20.2. 15,"2i = ABC + 3TC + LPV/r, Female - Non-Pregnant",9,8,8,8,8,8,1,8,6,6,4,4,78
HIV_TX_CURR_REG_20.2. 16,"2j = TDF + 3TC + DTG, Male",,,,,,,,,,,,,
HIV_TX_CURR_REG_20.2. 17,"2j = TDF + 3TC + DTG, Female - Pregnant",,,,,,,,,,,,1,1
HIV_TX_CURR_REG_20.2. 18,"2j = TDF + 3TC + DTG, Female - Non-Pregnant",1,1,1,1,1,1,1,1,1,1,2,2,14
HIV_TX_CURR_REG_20.2. 19,"2k = AZT + 3TC + DTG, Male",,,,,,,,,,,,,
HIV_TX_CURR_REG_20.2. 20,"2k = AZT + 3TC + DTG, Female - Pregnant",,,,,,,,,,,,,
HIV_TX_CURR_REG_20.2. 21,"2k = AZT + 3TC + DTG, Female - Non-Pregnant",1,1,1,1,1,1,1,1,1,1,1,1,12
HIV_TX_CURR_REG_20.2. 22,"2l=other secondline, Male",147,146,148,148,147,146,145,144,144,144,147,147,"1,753"
HIV_TX_CURR_REG_20.2. 23,"2l=other secondline, Female - Pregnant",1,1,1,1,1,1,1,1,2,2,2,2,16
HIV_TX_CURR_REG_20.2. 24,"2l=other secondline, Female - Non-Pregnant",173,172,171,170,170,168,168,169,169,167,169,168,"2,034"
HIV_TX_CURR_REG_20.3,Adults >=20 years currently on Third Line regimen by regimen type,77,78,78,78,78,78,78,77,76,76,76,75,925
HIV_TX_CURR_REG_20.3. 1,"3a=DRV/r+DTG+AZT/3TC, Male",7,7,7,7,7,7,7,7,7,7,7,7,84
HIV_TX_CURR_REG_20.3. 2,"3a=DRV/r+DTG+AZT/3TC, Female - Pregnant",1,1,1,1,1,1,1,1,1,1,1,1,12
HIV_TX_CURR_REG_20.3. 3,"3a=DRV/r+DTG+AZT/3TC, Female - Non-Pregnant",7,7,7,7,7,7,7,7,7,7,7,7,84
HIV_TX_CURR_REG_20.3. 4,"3b=DRV/r+DTG+TDF/3TC, Male",7,7,7,7,7,7,7,7,7,7,7,7,84
HIV_TX_CURR_REG_20.3. 5,"3b=DRV/r+DTG+TDF/3TC, Female - Pregnant",,,,,,,,,,,,,
HIV_TX_CURR_REG_20.3. 6,"3b=DRV/r+DTG+TDF/3TC, Female - Non-Pregnant",9,10,10,10,10,10,10,10,10,10,10,11,120
HIV_TX_CURR_REG_20.3. 7,"3c=DRV/r+ABC+3TC+DTG, Male",13,14,14,14,13,13,13,14,14,14,13,16,165
HIV_TX_CURR_REG_20.3. 8,"3c=DRV/r+ABC+3TC+DTG, Female - Pregnant",,,,1,1,,,,,,,,2
HIV_TX_CURR_REG_20.3. 9,"3c=DRV/r+ABC+3TC+DTG, Female - Non-Pregnant",11,12,12,11,11,12,14,14,14,14,15,14,154
HIV_TX_CURR_REG_20.3. 10,"3e= DRV/r+TDF+3TC+EFV, Male",,,,,,,,,,,,,
HIV_TX_CURR_REG_20.3. 11,"3e= DRV/r+TDF+3TC+EFV, Female - Pregnant",,,,,,,,,,,,,
HIV_TX_CURR_REG_20.3. 12,"3e= DRV/r+TDF+3TC+EFV, Female - Non-Pregnant",,,,,,,,,,,,,
HIV_TX_CURR_REG_20.3. 13,"3f= DRV/r+AZT+3TC +EFV, Male",,,,,,,,,,,,,
HIV_TX_CURR_REG_20.3. 14,"3f= DRV/r+AZT+3TC +EFV, Female - Pregnant",,,,,,,,,,,,,
HIV_TX_CURR_REG_20.3. 15,"3f= DRV/r+AZT+3TC +EFV, Female - Non-Pregnant",,,,,1,1,1,,,,,,3
HIV_TX_CURR_REG_20.3. 16,"3d=Other thirdline, Male",13,12,12,12,11,11,11,10,10,10,11,8,131
HIV_TX_CURR_REG_20.3. 17,"3d=Other thirdline, Female - Pregnant",,,,,,,,,,,,,
HIV_TX_CURR_REG_20.3. 18,"3d=Other thirdline, Female - Non-Pregnant",9,8,8,8,9,9,7,7,6,6,5,4,86
HIV_TX_NEW,Number of adults and children with HIV infection newly started on ART,7,10,9,13,4,14,3,2,7,11,12,14,106
HIV_TX_NEW. 1,"< 1 year, Male",,,,,,,,,,,,1,1
HIV_TX_NEW. 3,"< 1 year, Female - Non-Pregnant",,,,,,1,,,1,,,,2
HIV_TX_NEW. 4,"1 - 4 years, Male",,,,,,1,,,,,,,1
HIV_TX_NEW. 6,"1 - 4 years, Female - Non-Pregnant",,,,,,,,,,,1,,1
HIV_TX_NEW. 7,"5 - 9 Years, Male",,,,,,,,,,,1,,1
HIV_TX_NEW. 9,"5 - 9 Years, Female - Non-Pregnant",,,,,,,,,,,,,
HIV_TX_NEW. 10,"10 - 14 Years, Male",,,,,,,,,,,,,
HIV_TX_NEW. 12,"10 - 14 Years, Female - Non-Pregnant",1,1,,,,,,,,1,,,3
HIV_TX_NEW. 13,"15 - 19 Years, Male",,,,,,,,,,,,1,1
HIV_TX_NEW. 14,"15 - 19 Years, Female - Pregnant",,,,1,,,,,,,,,1
HIV_TX_NEW. 15,"15 - 19 Years, Female - Non-Pregnant",,,,1,,,,,,1,,,2
HIV_TX_NEW. 16,"20 - 24 Years, Male",,,1,,1,1,,1,,1,,1,6
HIV_TX_NEW. 17,"20 - 24 Years, Female - Pregnant",,,,1,,,,,,,,,1
HIV_TX_NEW. 18,"20 - 24 Years, Female - Non-Pregnant",,2,,,,2,,,1,,,1,6
HIV_TX_NEW. 19,"25 - 29 Years, Male",,2,1,,,,,,,1,1,1,6
HIV_TX_NEW. 20,"25 - 29 Years, Female - Pregnant",,,,,,1,,,,,,,1
HIV_TX_NEW. 21,"25 - 29 Years, Female - Non-Pregnant",,,,1,1,3,1,,,1,2,2,11
HIV_TX_NEW. 22,"30 - 34 Years, Male",,,,1,,1,,,,2,2,1,7
HIV_TX_NEW. 23,"30 - 34 Years, Female - Pregnant",,,,,,,,,,,,,
HIV_TX_NEW. 24,"30 - 34 Years, Female - Non-Pregnant",,,1,,,1,,,1,,1,,4
HIV_TX_NEW. 25,"35 - 39 Years, Male",,,,2,1,,1,,1,1,2,,8
HIV_TX_NEW. 26,"35 - 39 Years, Female - Pregnant",,,,,,,,,,,,,
HIV_TX_NEW. 27,"35 - 39 Years, Female - Non-Pregnant",,1,1,,1,,,,,2,1,,6
HIV_TX_NEW. 28,"40 - 44 Years, Male",1,,1,,,,1,,,,,2,5
HIV_TX_NEW. 29,"40 - 44 Years, Female - Pregnant",,,,,,,,,,,,,
HIV_TX_NEW. 30,"40 - 44 Years, Female - Non-Pregnant",1,,,,,1,,,,,1,,3
HIV_TX_NEW. 31,"45 - 49 Years, Male",2,1,,1,,1,,,,,,1,6
HIV_TX_NEW. 32,"45 - 49 Years, Female - Pregnant",,,,,,,,1,,,,,1
HIV_TX_NEW. 33,"45 - 49 Years, Female - Non-Pregnant",,,,1,,,,,,,,3,4
HIV_TX_NEW. 34,">= 50 Years, Male",1,2,1,1,,1,,,,,,,6
HIV_TX_NEW. 36,">= 50 Years, Female - Non-Pregnant",1,1,3,3,,,,,3,1,,,12
HIV_ART_RET,ART retention rate (Percentage of adult and children on ART treatment after 12 month of initation of ARV therapy ),,,,,,,,,,,,,
HIV_ART_RET.1,Number of adults and children who are still on treatment at 12 months after initiating ART,15,9,6,4,8,6,8,5,16,8,8,12,105
HIV_ART_RET.1. 1,"< 1 year, Male",,,,,,,,,,,,,
HIV_ART_RET.1. 3,"< 1 year, Female - Non-Pregnant",,,,,,,,,,,,,
HIV_ART_RET.1. 4,"1 - 4 years, Male",,,,,,,,,,,,,
HIV_ART_RET.1. 6,"1 - 4 years, Female - Non-Pregnant",,,,,,,,,,,,,
HIV_ART_RET.1. 7,"5 - 9 Years, Male",,1,,,,,,,,,,1,2
HIV_ART_RET.1. 9,"5 - 9 Years, Female - Non-Pregnant",,,,,,,,,,,,,
HIV_ART_RET.1. 10,"10 - 14 Years, Male",,,,,,,,,,,,,
HIV_ART_RET.1. 12,"10 - 14 Years, Female - Non-Pregnant",,,,,,,,,,,,,
HIV_ART_RET.1. 13,"15 - 19 Years, Male",,,1,,,,,,,,,,1
HIV_ART_RET.1. 14,"15 - 19 Years, Female - Pregnant",,,,,,,,,,,,,
HIV_ART_RET.1. 15,"15 - 19 Years, Female - Non-Pregnant",,,,,,,,,,,,1,1
HIV_ART_RET.1. 16,"20 - 24 Years, Male",,,1,,,,,,,,,2,3
HIV_ART_RET.1. 17,"20 - 24 Years, Female - Pregnant",,,,,,,,,,,,,
HIV_ART_RET.1. 18,"20 - 24 Years, Female - Non-Pregnant",,,1,,,,1,,1,,,1,4
HIV_ART_RET.1. 19,"25 - 29 Years, Male",,1,,1,,,,1,1,,,2,6
HIV_ART_RET.1. 20,"25 - 29 Years, Female - Pregnant",,,,,,,,,,,,1,1
HIV_ART_RET.1. 21,"25 - 29 Years, Female - Non-Pregnant",1,,1,,1,1,1,1,1,,,,7
HIV_ART_RET.1. 22,"30 - 34 Years, Male",1,,,,,,,,,,,,1
HIV_ART_RET.1. 23,"30 - 34 Years, Female - Pregnant",,,,,,,1,,,,,,1
HIV_ART_RET.1. 24,"30 - 34 Years, Female - Non-Pregnant",,1,1,,,,1,,1,1,,1,6
HIV_ART_RET.1. 25,"35 - 39 Years, Male",2,,,,,,1,,1,1,1,,6
HIV_ART_RET.1. 26,"35 - 39 Years, Female - Pregnant",,,,,1,,,,,,,,1
HIV_ART_RET.1. 27,"35 - 39 Years, Female - Non-Pregnant",1,,,2,1,2,,,1,1,2,1,11
HIV_ART_RET.1. 28,"40 - 44 Years, Male",2,2,,,,,,1,1,1,1,,8
HIV_ART_RET.1. 29,"40 - 44 Years, Female - Pregnant",,,,,,,,,1,,,,1
HIV_ART_RET.1. 30,"40 - 44 Years, Female - Non-Pregnant",2,2,,,,,1,,2,,2,,9
HIV_ART_RET.1. 31,"45 - 49 Years, Male",2,,,1,1,,,1,1,1,1,1,9
HIV_ART_RET.1. 32,"45 - 49 Years, Female - Pregnant",,,,,,,,,,,,,
HIV_ART_RET.1. 33,"45 - 49 Years, Female - Non-Pregnant",1,2,1,,1,,,,,1,,,6
HIV_ART_RET.1. 34,">= 50 Years, Male",1,,,,3,1,1,1,1,1,1,1,11
HIV_ART_RET.1. 36,">= 50 Years, Female - Non-Pregnant",2,,,,,2,1,,4,1,,,10
HIV_ART_RET_NET,"Number of persons on ART in the original cohort including those transferred in, minus those transferred out (net current cohort)",16,13,6,6,10,8,9,5,20,9,11,12,125
HIV_ART_RET_NET. 1,"< 1 year, Male",,,,,,,,,,,,,
HIV_ART_RET_NET. 3,"< 1 year, Female - Non-Pregnant",,,,,,,,,,,,,
HIV_ART_RET_NET. 4,"1 - 4 years, Male",,,,1,,,,,1,,,,2
HIV_ART_RET_NET. 6,"1 - 4 years, Female - Non-Pregnant",,,,,,,,,,,,,
HIV_ART_RET_NET. 7,"5 - 9 Years, Male",,2,,,,,,,,,,1,3
HIV_ART_RET_NET. 9,"5 - 9 Years, Female - Non-Pregnant",,,,,,,,,,,,,
HIV_ART_RET_NET. 10,"10 - 14 Years, Male",,,,,,,,,,,,,
HIV_ART_RET_NET. 12,"10 - 14 Years, Female - Non-Pregnant",,,,,,,,,,,,,
HIV_ART_RET_NET. 13,"15 - 19 Years, Male",,,1,,,,,,,,,,1
HIV_ART_RET_NET. 14,"15 - 19 Years, Female - Pregnant",,,,,,,,,,,,,
HIV_ART_RET_NET. 15,"15 - 19 Years, Female - Non-Pregnant",,,,,,,,,,,,1,1
HIV_ART_RET_NET. 16,"20 - 24 Years, Male",,,1,,,,,,,,,2,3
HIV_ART_RET_NET. 17,"20 - 24 Years, Female - Pregnant",,,,,,,,,,,,,
HIV_ART_RET_NET. 18,"20 - 24 Years, Female - Non-Pregnant",,,1,,,,1,,1,,,1,4
HIV_ART_RET_NET. 19,"25 - 29 Years, Male",,1,,1,1,,,1,1,1,2,2,10
HIV_ART_RET_NET. 20,"25 - 29 Years, Female - Pregnant",,,,,,,,,,,,1,1
HIV_ART_RET_NET. 21,"25 - 29 Years, Female - Non-Pregnant",1,1,1,,1,1,1,1,1,,,,8
HIV_ART_RET_NET. 22,"30 - 34 Years, Male",2,,,,,,,,1,,,,3
HIV_ART_RET_NET. 23,"30 - 34 Years, Female - Pregnant",,,,,,,1,,,,,,1
HIV_ART_RET_NET. 24,"30 - 34 Years, Female - Non-Pregnant",,1,1,,,,1,,1,1,,1,6
HIV_ART_RET_NET. 25,"35 - 39 Years, Male",2,1,,1,,,1,,1,1,1,,8
HIV_ART_RET_NET. 26,"35 - 39 Years, Female - Pregnant",,,,,1,,,,,,,,1
HIV_ART_RET_NET. 27,"35 - 39 Years, Female - Non-Pregnant",1,,,2,2,2,,,1,1,2,1,12
HIV_ART_RET_NET. 28,"40 - 44 Years, Male",2,2,,,,1,,1,2,1,1,,10
HIV_ART_RET_NET. 29,"40 - 44 Years, Female - Pregnant",,,,,,,,,1,,,,1
HIV_ART_RET_NET. 30,"40 - 44 Years, Female - Non-Pregnant",2,2,,,,1,1,,2,,3,,11
HIV_ART_RET_NET. 31,"45 - 49 Years, Male",2,,,1,1,,,1,1,1,1,1,9
HIV_ART_RET_NET. 32,"45 - 49 Years, Female - Pregnant",,,,,,,,,,,,,
HIV_ART_RET_NET. 33,"45 - 49 Years, Female - Non-Pregnant",1,2,1,,1,,1,,,1,,,7
HIV_ART_RET_NET. 34,">= 50 Years, Male",1,,,,3,1,1,1,2,1,1,1,12
HIV_ART_RET_NET. 36,">= 50 Years, Female - Non-Pregnant",2,1,,,,2,1,,4,1,,,11
HIV_ART_NEW_CT.1,Linkage outcome of newly identified Hiv positive individuals in the reporting period,9,10,9,11,7,18,4,4,8,14,12,18,124
HIV_ART_NEW_CT.1. 1,Linked to Care and Treatment,7,9,9,10,4,13,4,2,6,9,10,12,95
HIV_ART_NEW_CT.1. 2,Known on ART,,,,,,1,,,,,,,1
HIV_ART_NEW_CT.1. 3,Lost to follow-up,,,,,,,,,,,,,
HIV_ART_NEW_CT.1. 4,Referred,,,,,,,,,,1,,,1
HIV_ART_NEW_CT.1. 5,Died,1,,,,1,3,,,,,,1,6
HIV_ART_NEW_CT.1. 6,Others,1,1,,1,2,1,,2,2,4,2,5,21
HIV_TX_PVLS,Viral load Suppression (Percentage of ART clients with a suppressed viral load among those with a viral load test at 12 month in the reporting period),,,,,,,,,,,,,
HIV_TX_PVLS.1,Number of adult and pediatric ART patients for whom viral load test result received in the reporting period,503,522,934,706,907,688,168,469,883,696,463,933,"7,872"
HIV_TX_PVLS.1. 1,"< 1 year, Male",,,,,,,,,,,,,
HIV_TX_PVLS.1. 3,"< 1 year, Female - Non-Pregnant",,,,,,,,,,,,,
HIV_TX_PVLS.1. 4,"1 - 4 years, Male",,1,,,,,,1,,,,1,3
HIV_TX_PVLS.1. 6,"1 - 4 years, Female - Non-Pregnant",,,1,,,2,,,1,2,1,1,8
HIV_TX_PVLS.1. 7,"5 - 9 Years, Male",2,1,3,4,1,5,,,2,2,2,5,27
HIV_TX_PVLS.1. 9,"5 - 9 Years, Female - Non-Pregnant",3,1,2,,1,2,1,,,2,1,3,16
HIV_TX_PVLS.1. 10,"10 - 14 Years, Male",3,2,2,4,2,2,,1,2,1,3,5,27
HIV_TX_PVLS.1. 12,"10 - 14 Years, Female - Non-Pregnant",6,2,5,2,5,2,2,2,4,5,1,5,41
HIV_TX_PVLS.1. 13,"15 - 19 Years, Male",11,10,14,6,5,8,2,5,11,4,5,17,98
HIV_TX_PVLS.1. 14,"15 - 19 Years, Female - Pregnant",,,,,,,,,,,,,
HIV_TX_PVLS.1. 15,"15 - 19 Years, Female - Non-Pregnant",8,7,8,5,13,6,1,6,8,5,8,15,90
HIV_TX_PVLS.1. 16,"20 - 24 Years, Male",15,13,19,9,22,12,4,6,16,11,10,25,162
HIV_TX_PVLS.1. 17,"20 - 24 Years, Female - Pregnant",,,,2,,,,,1,,,,3
HIV_TX_PVLS.1. 18,"20 - 24 Years, Female - Non-Pregnant",17,22,27,17,21,18,7,8,28,11,4,19,199
HIV_TX_PVLS.1. 19,"25 - 29 Years, Male",14,6,16,9,10,13,3,13,18,25,13,21,161
HIV_TX_PVLS.1. 20,"25 - 29 Years, Female - Pregnant",,,1,1,1,2,,2,,3,1,1,12
HIV_TX_PVLS.1. 21,"25 - 29 Years, Female - Non-Pregnant",6,15,29,14,19,21,1,3,16,19,12,14,169
HIV_TX_PVLS.1. 22,"30 - 34 Years, Male",9,5,16,6,3,5,1,5,4,5,4,7,70
HIV_TX_PVLS.1. 23,"30 - 34 Years, Female - Pregnant",2,1,,3,,2,4,,3,2,2,2,21
HIV_TX_PVLS.1. 24,"30 - 34 Years, Female - Non-Pregnant",14,7,17,15,23,16,8,5,15,17,4,14,155
HIV_TX_PVLS.1. 25,"35 - 39 Years, Male",5,13,13,7,9,12,2,8,12,9,8,15,113
HIV_TX_PVLS.1. 26,"35 - 39 Years, Female - Pregnant",1,,3,2,1,3,1,1,2,3,1,3,21
HIV_TX_PVLS.1. 27,"35 - 39 Years, Female - Non-Pregnant",19,15,34,22,42,39,13,24,35,35,25,39,342
HIV_TX_PVLS.1. 28,"40 - 44 Years, Male",11,17,26,26,33,19,5,15,20,24,9,19,224
HIV_TX_PVLS.1. 29,"40 - 44 Years, Female - Pregnant",,,2,,1,1,,,,1,,,5
HIV_TX_PVLS.1. 30,"40 - 44 Years, Female - Non-Pregnant",46,54,87,72,75,56,15,44,74,77,40,73,713
HIV_TX_PVLS.1. 31,"45 - 49 Years, Male",25,29,60,45,48,29,7,16,39,32,32,49,411
HIV_TX_PVLS.1. 32,"45 - 49 Years, Female - Pregnant",1,,,1,,,1,,,,,,3
HIV_TX_PVLS.1. 33,"45 - 49 Years, Female - Non-Pregnant",50,61,106,78,108,95,19,57,97,82,49,95,897
HIV_TX_PVLS.1. 34,">= 50 Years, Male",121,123,227,170,251,159,41,126,234,174,113,243,"1,982"
HIV_TX_PVLS.1. 36,">= 50 Years, Female - Non-Pregnant",114,117,216,186,213,159,30,121,241,145,115,242,"1,899"
HIV_TX_PVLS_UN,Total number of adult and paediatric ART patients with an undetectable viral load(<50 copies/ml) in the reporting period,459,454,858,685,812,647,150,437,825,643,447,834,"7,251"
HIV_TX_PVLS_UN. 1,"< 1 year, Male",,,,,,,,,,,,,
HIV_TX_PVLS_UN. 3,"< 1 year, Female - Non-Pregnant",,,,,,,,,,,,,
HIV_TX_PVLS_UN. 4,"1 - 4 years, Male",,,,,,,,,,,,1,1
HIV_TX_PVLS_UN. 6,"1 - 4 years, Female - Non-Pregnant",,,1,,,2,,,1,1,1,1,7
HIV_TX_PVLS_UN. 7,"5 - 9 Years, Male",2,1,1,3,1,4,,,2,2,2,5,23
HIV_TX_PVLS_UN. 9,"5 - 9 Years, Female - Non-Pregnant",3,1,2,,1,2,1,,,2,1,3,16
HIV_TX_PVLS_UN. 10,"10 - 14 Years, Male",3,2,2,4,2,2,,1,2,1,3,4,26
HIV_TX_PVLS_UN. 12,"10 - 14 Years, Female - Non-Pregnant",6,2,5,2,5,2,2,2,4,5,1,5,41
HIV_TX_PVLS_UN. 13,"15 - 19 Years, Male",11,10,12,6,4,8,2,5,9,4,5,14,90
HIV_TX_PVLS_UN. 14,"15 - 19 Years, Female - Pregnant",,,,,,,,,,,,,
HIV_TX_PVLS_UN. 15,"15 - 19 Years, Female - Non-Pregnant",6,6,8,5,12,5,1,5,7,5,7,12,79
HIV_TX_PVLS_UN. 16,"20 - 24 Years, Male",10,11,17,9,21,11,3,6,15,10,8,24,145
HIV_TX_PVLS_UN. 17,"20 - 24 Years, Female - Pregnant",,,,2,,,,,1,,,,3
HIV_TX_PVLS_UN. 18,"20 - 24 Years, Female - Non-Pregnant",13,19,24,17,17,17,7,7,24,8,4,15,172
HIV_TX_PVLS_UN. 19,"25 - 29 Years, Male",11,6,15,7,8,8,2,11,13,22,12,13,128
HIV_TX_PVLS_UN. 20,"25 - 29 Years, Female - Pregnant",,,1,1,1,2,,2,,3,1,1,12
HIV_TX_PVLS_UN. 21,"25 - 29 Years, Female - Non-Pregnant",5,11,29,11,16,21,1,3,15,18,12,12,154
HIV_TX_PVLS_UN. 22,"30 - 34 Years, Male",8,3,15,5,3,4,,5,4,3,3,6,59
HIV_TX_PVLS_UN. 23,"30 - 34 Years, Female - Pregnant",2,1,,3,,2,3,,2,2,2,2,19
HIV_TX_PVLS_UN. 24,"30 - 34 Years, Female - Non-Pregnant",12,4,12,15,19,16,6,5,14,14,3,12,132
HIV_TX_PVLS_UN. 25,"35 - 39 Years, Male",4,10,10,6,9,10,1,7,9,8,7,15,96
HIV_TX_PVLS_UN. 26,"35 - 39 Years, Female - Pregnant",1,,2,2,1,3,1,1,1,3,1,3,19
HIV_TX_PVLS_UN. 27,"35 - 39 Years, Female - Non-Pregnant",16,12,33,21,36,39,10,23,35,34,25,36,320
HIV_TX_PVLS_UN. 28,"40 - 44 Years, Male",11,16,23,26,31,17,5,14,19,22,9,16,209
HIV_TX_PVLS_UN. 29,"40 - 44 Years, Female - Pregnant",,,2,,1,1,,,,1,,,5
HIV_TX_PVLS_UN. 30,"40 - 44 Years, Female - Non-Pregnant",42,48,79,68,67,52,14,40,72,70,39,66,657
HIV_TX_PVLS_UN. 31,"45 - 49 Years, Male",23,26,52,44,43,27,7,15,35,29,31,44,376
HIV_TX_PVLS_UN. 32,"45 - 49 Years, Female - Pregnant",1,,,1,,,1,,,,,,3
HIV_TX_PVLS_UN. 33,"45 - 49 Years, Female - Non-Pregnant",48,51,100,76,93,93,17,54,90,74,49,85,830
HIV_TX_PVLS_UN. 34,">= 50 Years, Male",112,111,210,168,233,148,38,117,220,161,106,219,"1,843"
HIV_TX_PVLS_UN. 36,">= 50 Years, Female - Non-Pregnant",109,103,203,183,188,151,28,114,231,141,115,220,"1,786"
HIV_TX_PVLS_lv,Total number of adult and paediatric ART patients with low level viremia (50 -1000 copies/ml) in the reporting period,30,54,59,12,76,30,12,18,39,33,9,73,445
HIV_TX_PVLS_lv. 1,"< 1 year, Male",,,,,,,,,,,,,
HIV_TX_PVLS_lv. 3,"< 1 year, Female - Non-Pregnant",,,,,,,,,,,,,
HIV_TX_PVLS_lv. 4,"1 - 4 years, Male",,1,,,,,,,,,,,1
HIV_TX_PVLS_lv. 6,"1 - 4 years, Female - Non-Pregnant",,,,,,,,,,1,,,1
HIV_TX_PVLS_lv. 7,"5 - 9 Years, Male",,,,1,,,,,,,,,1
HIV_TX_PVLS_lv. 9,"5 - 9 Years, Female - Non-Pregnant",,,,,,,,,,,,,
HIV_TX_PVLS_lv. 10,"10 - 14 Years, Male",,,,,,,,,,,,,
HIV_TX_PVLS_lv. 12,"10 - 14 Years, Female - Non-Pregnant",,,,,,,,,,,,,
HIV_TX_PVLS_lv. 13,"15 - 19 Years, Male",,,1,,1,,,,1,,,2,5
HIV_TX_PVLS_lv. 14,"15 - 19 Years, Female - Pregnant",,,,,,,,,,,,,
HIV_TX_PVLS_lv. 15,"15 - 19 Years, Female - Non-Pregnant",1,1,,,1,1,,1,1,,1,,7
HIV_TX_PVLS_lv. 16,"20 - 24 Years, Male",3,2,2,,,1,,,1,,1,,10
HIV_TX_PVLS_lv. 17,"20 - 24 Years, Female - Pregnant",,,,,,,,,,,,,
HIV_TX_PVLS_lv. 18,"20 - 24 Years, Female - Non-Pregnant",4,2,2,,3,1,,1,3,2,,2,20
HIV_TX_PVLS_lv. 19,"25 - 29 Years, Male",1,,1,2,2,3,,,2,,,4,15
HIV_TX_PVLS_lv. 20,"25 - 29 Years, Female - Pregnant",,,,,,,,,,,,,
HIV_TX_PVLS_lv. 21,"25 - 29 Years, Female - Non-Pregnant",,4,,1,3,,,,,,,1,9
HIV_TX_PVLS_lv. 22,"30 - 34 Years, Male",,1,1,,,1,,,,2,1,1,7
HIV_TX_PVLS_lv. 23,"30 - 34 Years, Female - Pregnant",,,,,,,,,1,,,,1
HIV_TX_PVLS_lv. 24,"30 - 34 Years, Female - Non-Pregnant",,2,3,,2,,1,,1,,,2,11
HIV_TX_PVLS_lv. 25,"35 - 39 Years, Male",,2,3,,,1,1,,1,,1,,9
HIV_TX_PVLS_lv. 26,"35 - 39 Years, Female - Pregnant",,,1,,,,,,1,,,,2
HIV_TX_PVLS_lv. 27,"35 - 39 Years, Female - Non-Pregnant",3,3,1,1,5,,3,1,,1,,2,20
HIV_TX_PVLS_lv. 28,"40 - 44 Years, Male",,1,3,,2,1,,1,,1,,2,11
HIV_TX_PVLS_lv. 29,"40 - 44 Years, Female - Pregnant",,,,,,,,,,,,,
HIV_TX_PVLS_lv. 30,"40 - 44 Years, Female - Non-Pregnant",2,4,4,1,7,3,1,1,1,5,1,7,37
HIV_TX_PVLS_lv. 31,"45 - 49 Years, Male",2,3,5,1,3,1,,1,4,1,,4,25
HIV_TX_PVLS_lv. 32,"45 - 49 Years, Female - Pregnant",,,,,,,,,,,,,
HIV_TX_PVLS_lv. 33,"45 - 49 Years, Female - Non-Pregnant",2,4,5,2,9,2,2,3,3,6,,9,47
HIV_TX_PVLS_lv. 34,">= 50 Years, Male",7,11,15,,15,10,3,5,13,10,4,20,113
HIV_TX_PVLS_lv. 36,">= 50 Years, Female - Non-Pregnant",5,13,12,3,23,5,1,4,6,4,,17,93
HIV_TX_DSD,Proportion of PLHIV currently on differentiated service Delivery model (DSD),,,,,,,,,,,,,
HIV_TX_3MMD,Total number of clients on 3MMD,544,598,635,681,713,756,773,797,896,895,896,551,"8,735"
HIV_TX_3MMD. 1,"< 1 year, Male",,,,,,,,,,,,,
HIV_TX_3MMD. 2,"< 1 year, Female",,,,,,,,,,,,,
HIV_TX_3MMD. 3,"1 - 4 years, Male",,,,,,,,,,,,,
HIV_TX_3MMD. 4,"1 - 4 years, Female",1,1,1,1,1,1,1,1,1,1,1,1,12
HIV_TX_3MMD. 5,"5 - 9 Years, Male",6,6,6,7,7,8,7,9,9,9,9,9,92
HIV_TX_3MMD. 6,"5 - 9 Years, Female",2,2,3,3,4,4,5,4,4,4,4,4,43
HIV_TX_3MMD. 7,"10 - 14 Years, Male",,,,1,1,1,1,1,1,1,1,1,9
HIV_TX_3MMD. 8,"10 - 14 Years, Female",3,4,4,5,5,5,5,6,6,6,6,6,61
HIV_TX_3MMD. 9,"15 - 19 Years, Male",6,8,7,8,8,10,10,12,24,22,21,20,156
HIV_TX_3MMD. 10,"15 - 19 Years, Female",5,5,5,6,6,7,7,7,16,16,16,15,111
HIV_TX_3MMD. 11,"20 - 24 Years, Male",20,24,26,30,34,37,39,42,61,62,61,62,498
HIV_TX_3MMD. 12,"20 - 24 Years, Female",21,25,25,32,33,36,36,37,65,64,64,64,502
HIV_TX_3MMD. 13,"25 - 49 Years, Male",71,82,94,101,103,112,115,117,124,125,127,127,"1,298"
HIV_TX_3MMD. 14,"25 - 49 Years, Female",181,193,199,207,219,231,235,244,250,250,247,242,"2,698"
HIV_TX_3MMD. 15,">= 50 Years, Male",120,133,141,146,155,166,172,172,181,182,182,,"1,750"
HIV_TX_3MMD. 16,">= 50 Years, Female",108,115,124,134,137,138,140,145,154,153,157,,"1,505"
HIV_TX_ASM,Total number of clients on ASM(6MMD),"3,721","3,771","3,814","3,844","3,891","3,951","3,956","3,972","3,961","3,955","3,936","3,922","46,694"
HIV_TX_ASM. 1,"15 - 19 Years, Male",2,3,3,3,3,4,3,3,2,2,2,2,32
HIV_TX_ASM. 2,"15 - 19 Years, Female",,,1,2,3,4,4,4,2,2,2,1,25
HIV_TX_ASM. 3,"20 - 24 Years, Male",15,14,15,17,15,16,16,13,13,13,13,13,173
HIV_TX_ASM. 4,"20 - 24 Years, Female",22,22,23,25,27,27,25,22,21,21,21,22,278
HIV_TX_ASM. 5,"25 - 49 Years, Male",442,439,431,439,447,448,444,442,425,419,412,404,"5,192"
HIV_TX_ASM. 6,"25 - 49 Years, Female","1,074","1,078","1,076","1,090","1,100","1,108","1,105","1,102","1,073","1,063","1,054","1,044","12,967"
HIV_TX_ASM. 7,">= 50 Years, Male","1,109","1,130","1,154","1,160","1,173","1,193","1,204","1,217","1,230","1,234","1,234","1,235","14,273"
HIV_TX_ASM. 8,">= 50 Years, Female","1,057","1,085","1,111","1,108","1,123","1,151","1,155","1,169","1,195","1,201","1,198","1,201","13,754"
HIV_TX_FTAR,Total number of clients on FTAR,1,1,1,1,1,1,1,1,1,1,1,1,12
HIV_TX_FTAR. 1,"15 - 19 Years, Male",,,,,,,,,,,,,
HIV_TX_FTAR. 2,"15 - 19 Years, Female",,,,,,,,,,,,,
HIV_TX_FTAR. 3,"20 - 24 Years, Male",,,,,,,,,,,,,
HIV_TX_FTAR. 4,"20 - 24 Years, Female",,,,,,,,,,,,,
HIV_TX_FTAR. 5,"25 - 49 Years, Male",,,,,,,,,,,,,
HIV_TX_FTAR. 6,"25 - 49 Years, Female",,,,,,,,,,,,,
HIV_TX_FTAR. 7,">= 50 Years, Male",1,1,1,1,,1,1,1,1,1,1,1,11
HIV_TX_FTAR. 8,">= 50 Years, Female",,,,,1,,,,,,,,1
HIV_TX_CAG,Total number of clients on CAG,,,,,,1,1,1,1,1,1,1,7
HIV_TX_CAG. 1,"15 - 19 Years, Male",,,,,,,,,,,,,
HIV_TX_CAG. 2,"15 - 19 Years, Female",,,,,,,,,,,,,
HIV_TX_CAG. 3,"20 - 24 Years, Male",,,,,,,,,,,,,
HIV_TX_CAG. 4,"20 - 24 Years, Female",,,,,,,,,,,,,
HIV_TX_CAG. 5,"25 - 49 Years, Male",,,,,,,,,,,,,
HIV_TX_CAG. 6,"25 - 49 Years, Female",,,,,,1,1,1,1,1,1,1,7
HIV_TX_CAG. 7,">= 50 Years, Male",,,,,,,,,,,,,
HIV_TX_CAG. 8,">= 50 Years, Female",,,,,,,,,,,,,
HIV_TX_PCAD,Total number of clients on PCAD,323,322,331,339,336,333,361,363,360,355,360,372,"4,155"
HIV_TX_PCAD. 1,"15 - 19 Years, Male",2,3,2,2,2,2,3,3,3,3,4,4,33
HIV_TX_PCAD. 2,"15 - 19 Years, Female",2,2,2,2,2,2,2,2,1,1,,,18
HIV_TX_PCAD. 3,"20 - 24 Years, Male",8,7,7,6,6,6,10,9,7,7,7,8,88
HIV_TX_PCAD. 4,"20 - 24 Years, Female",8,7,8,10,10,10,10,8,8,8,8,8,103
HIV_TX_PCAD. 5,"25 - 49 Years, Male",51,52,55,55,54,54,63,65,65,62,64,67,707
HIV_TX_PCAD. 6,"25 - 49 Years, Female",127,125,130,133,131,129,131,133,131,129,131,133,"1,563"
HIV_TX_PCAD. 7,">= 50 Years, Male",71,72,72,74,74,73,78,76,78,78,79,81,906
HIV_TX_PCAD. 8,">= 50 Years, Female",54,54,55,57,57,57,64,67,67,67,67,71,737
HIV_TX_Adolescent DSD.,Total number of clients on Adolescent DSD,244,173,169,164,162,158,157,154,72,73,73,73,"1,672"
HIV_TX_KP DSD.,Total number of clients on KP DSD,,,,,,,,,,,,,
HIV_TX_MCH DSD.,Total number of clients on MCH DSD,81,84,83,83,84,88,90,89,88,89,93,96,"1,048"
HIV_TX_ other types of DSD.,Total number of clients on other types of DSD,124,122,119,113,111,109,105,104,100,97,97,97,"1,298"
HIV_TX_AHDCM,Total number of clients on Advanced HIV Disease Care Model,207,216,220,231,234,244,246,249,258,262,267,263,"2,897"
HIV_TX_AHDCM. 1,"< 1 year, Male",,,,,,,,,,,,,
HIV_TX_AHDCM. 2,"< 1 year, Female",,,,,,1,1,1,2,2,2,3,12
HIV_TX_AHDCM. 3,"1 - 4 years, Male",2,2,2,2,2,3,3,3,3,3,3,3,31
HIV_TX_AHDCM. 4,"1 - 4 years, Female",1,1,1,1,1,1,1,1,1,1,1,1,12
HIV_TX_AHDCM. 5,"5 - 9 Years, Male",2,2,2,2,2,2,2,1,1,1,2,2,21
HIV_TX_AHDCM. 6,"5 - 9 Years, Female",1,1,1,1,1,,,,,,,,5
HIV_TX_AHDCM. 7,"10 - 14 Years, Male",,,,,,,,,,,,,
HIV_TX_AHDCM. 8,"10 - 14 Years, Female",1,1,1,1,1,1,1,1,1,2,2,2,15
HIV_TX_AHDCM. 9,"15 - 19 Years, Male",1,1,1,1,1,1,1,1,1,1,1,1,12
HIV_TX_AHDCM. 10,"15 - 19 Years, Female",,,,,,1,2,2,2,2,2,1,12
HIV_TX_AHDCM. 11,"20 - 24 Years, Male",5,5,4,5,5,8,8,8,8,8,8,8,80
HIV_TX_AHDCM. 12,"20 - 24 Years, Female",7,7,8,9,9,9,9,10,9,9,9,8,103
HIV_TX_AHDCM. 13,"25 - 49 Years, Male",66,67,65,71,72,71,72,72,73,75,78,76,858
HIV_TX_AHDCM. 14,"25 - 49 Years, Female",54,60,59,63,63,64,63,63,67,68,69,70,763
HIV_TX_AHDCM. 15,">= 50 Years, Male",48,51,53,51,50,55,55,55,57,56,56,55,642
HIV_TX_AHDCM. 16,">= 50 Years, Female",19,18,23,24,27,27,28,31,33,34,34,33,331
HIV_ART_INTR,Number of ART Clients that interrupted Treatment,,,,,,,,,,,,,
HIV_ART_INTR_OUT,HIV_ART Clients that interrupted Treatment,26,39,19,18,24,19,18,20,27,32,20,15,277
HIV_ART_INTR_OUT.1,Lost after treatemnt < 3month,,,,,,,,,,,,,
HIV_ART_INTR_OUT.1. 1,"< 15 Years, Male",,,,,,,,,,,,,
HIV_ART_INTR_OUT.1. 2,"< 15 Years, Female",,,,,,,,,,,,,
HIV_ART_INTR_OUT.1. 3,">= 15 Years, Male",,,,,,,,,,,,,
HIV_ART_INTR_OUT.1. 4,">= 15 Years, Female",,,,,,,,,,,,,
HIV_ART_INTR_OUT.2,Lost after treatement > 3month,15,7,7,5,9,9,6,10,12,18,14,6,118
HIV_ART_INTR_OUT.2. 1,"< 15 Years, Male",,,,,,1,1,,,,,,2
HIV_ART_INTR_OUT.2. 2,"< 15 Years, Female",1,,,,,,,,,,,,1
HIV_ART_INTR_OUT.2. 3,">= 15 Years, Male",5,4,5,3,5,5,1,7,9,8,4,,56
HIV_ART_INTR_OUT.2. 4,">= 15 Years, Female",9,3,2,2,4,3,4,3,3,10,10,6,59
HIV_ART_INTR_OUT.3,Transferred out,7,24,7,7,10,7,4,9,10,9,4,3,101
HIV_ART_INTR_OUT.3. 1,"< 15 Years, Male",,14,,,,,,,,,,,14
HIV_ART_INTR_OUT.3. 2,"< 15 Years, Female",,,,,,,,,,,,,
HIV_ART_INTR_OUT.3. 3,">= 15 Years, Male",2,1,5,4,2,3,,6,3,4,2,3,35
HIV_ART_INTR_OUT.3. 4,">= 15 Years, Female",5,9,2,3,8,4,4,3,7,5,2,,52
HIV_ART_INTR_OUT.4,Refused (stopped) treatement,,4,2,,,,1,,,,,,7
HIV_ART_INTR_OUT.4. 1,"< 15 Years, Male",,4,,,,,,,,,,,4
HIV_ART_INTR_OUT.4. 2,"< 15 Years, Female",,,,,,,,,,,,,
HIV_ART_INTR_OUT.4. 3,">= 15 Years, Male",,,1,,,,1,,,,,,2
HIV_ART_INTR_OUT.4. 4,">= 15 Years, Female",,,1,,,,,,,,,,1
HIV_ART_INTR_OUT.5,Died,4,4,3,6,5,3,7,1,5,5,2,6,51
HIV_ART_INTR_OUT.5. 1,"< 15 Years, Male",,,,,,,,,,,,,
HIV_ART_INTR_OUT.5. 2,"< 15 Years, Female",,,,,,,,,,,,,
HIV_ART_INTR_OUT.5. 3,">= 15 Years, Male",4,3,1,1,3,1,3,1,2,2,2,2,25
HIV_ART_INTR_OUT.5. 4,">= 15 Years, Female",,1,2,5,2,2,4,,3,3,,4,26
HIV_ART_RE_ARV,Number of ART clients restarted ARV treatment in the reporting period,8,4,9,4,6,7,5,10,5,7,6,4,75
HIV_ART_RE_ARV. 1,"< 15 Years, Male",,,,,,,,1,,,,,1
HIV_ART_RE_ARV. 2,"< 15 Years, Female",,,,,,,,,,,,,
HIV_ART_RE_ARV. 3,">= 15 Years, Male",5,3,6,2,3,3,4,7,2,2,5,3,45
HIV_ART_RE_ARV. 4,">= 15 Years, Female",3,1,3,2,3,4,1,2,3,5,1,1,29
HIV_PrEP,Number of individuals receiving Pre-Exposure Prophylaxis,,,,,,,,,,,,,
HIV_PrEP.1.1,PrEP (New individuals newly enrolled on PrEP) by age and Sex,2,1,,3,2,1,2,1,1,,3,1,17
HIV_PrEP.1.1. 1,"15 - 19 Years, Male",,,,,,,,,,,,,
HIV_PrEP.1.1. 2,"15 - 19 Years, Female",,,,,,,,,,,1,,1
HIV_PrEP.1.1. 3,"20 - 24 Years, Male",,,,,,,,,,,,,
HIV_PrEP.1.1. 4,"20 - 24 Years, Female",,,,,,,,,,,,,
HIV_PrEP.1.1. 5,"25 - 29 Years, Male",,,,1,,,,,,,,,1
HIV_PrEP.1.1. 6,"25 - 29 Years, Female",,,,,,1,,,,,1,,2
HIV_PrEP.1.1. 7,"30 - 34 Years, Male",,,,1,1,,,1,,,,,3
HIV_PrEP.1.1. 8,"30 - 34 Years, Female",,,,,,,,,,,,,
HIV_PrEP.1.1. 9,"35 - 39 Years, Male",,,,,1,,,,,,,,1
HIV_PrEP.1.1. 10,"35 - 39 Years, Female",,,,1,,,,,,,,,1
HIV_PrEP.1.1. 11,"40 - 44 Years, Male",1,,,,,,,,,,,,1
HIV_PrEP.1.1. 12,"40 - 44 Years, Female",1,,,,,,,,1,,,1,3
HIV_PrEP.1.1. 13,"45 - 49 Years, Male",,,,,,,1,,,,,,1
HIV_PrEP.1.1. 14,"45 - 49 Years, Female",,,,,,,1,,,,,,1
HIV_PrEP.1.1. 15,">= 50 Years, Male",,,,,,,,,,,1,,1
HIV_PrEP.1.1. 16,">= 50 Years, Female",,1,,,,,,,,,,,1
HIV_PrEP.1.2,PrEP (New individuals newly enrolled on PrEP) by Client Category,2,1,,3,2,1,2,1,1,,,1,14
HIV_PrEP.1.2. 1,Discordant Couple,2,,,3,2,1,1,,1,,,1,11
HIV_PrEP.1.2. 2,Commercial sex workers,,1,,,,,1,1,,,,,3
HIV_PrEP.1,PrEP Curr (Number of individuals that received oral PrEP during the reporting period),,,,,,,,,,,,,
HIV_PrEP_CURR.1,By age and Sex,5,3,5,3,5,8,5,4,5,3,,3,49
HIV_PrEP_CURR.1. 1,"15 - 19 Years, Male",,,,,,,,,,,,,
HIV_PrEP_CURR.1. 2,"15 - 19 Years, Female",,,,,,,,,,,,1,1
HIV_PrEP_CURR.1. 3,"20 - 24 Years, Male",,,,,,,,,,,,,
HIV_PrEP_CURR.1. 4,"20 - 24 Years, Female",,,,,,,,,,,,,
HIV_PrEP_CURR.1. 5,"25 - 29 Years, Male",,,,,,,,,,,,,
HIV_PrEP_CURR.1. 6,"25 - 29 Years, Female",,,,,,,,,,,,,
HIV_PrEP_CURR.1. 7,"30 - 34 Years, Male",,,,,1,2,2,,2,1,,,8
HIV_PrEP_CURR.1. 8,"30 - 34 Years, Female",1,,1,1,1,1,1,1,1,,,,8
HIV_PrEP_CURR.1. 9,"35 - 39 Years, Male",1,1,1,1,,2,1,1,,,,,8
HIV_PrEP_CURR.1. 10,"35 - 39 Years, Female",1,,1,,2,2,1,1,,,,,8
HIV_PrEP_CURR.1. 11,"40 - 44 Years, Male",,,,,,,,,,,,,
HIV_PrEP_CURR.1. 12,"40 - 44 Years, Female",2,2,1,,,,,1,2,2,,1,11
HIV_PrEP_CURR.1. 13,"45 - 49 Years, Male",,,,,,,,,,,,1,1
HIV_PrEP_CURR.1. 14,"45 - 49 Years, Female",,,1,1,1,,,,,,,,3
HIV_PrEP_CURR.1. 15,">= 50 Years, Male",,,,,,1,,,,,,,1
HIV_PrEP_CURR.1. 16,">= 50 Years, Female",,,,,,,,,,,,,
HIV_PrEP_CURR.2,By Client Category,5,3,5,3,6,8,5,4,5,3,,3,50
HIV_PrEP_CURR.2. 1,Discordant Couple,5,3,5,3,6,6,4,4,5,3,,3,47
HIV_PrEP_CURR.2. 2,Commercial sex workers,,,,,,2,1,,,,,,3
HIV_PEP,Number of persons provided with post-exposure prophylaxis (PEP) for risk of HIV infection by exposure type,,,,,,,,,,,,,
HIV_PEP. 1,Occupational,,,,,,,,,,,,,
HIV_PEP. 2,Sexual violence,,,,,,,,,,,,,
HIV_PEP. 3,Other Non occupational,,,,,,,,,,,,,
HIV_PLHIV_TSP,Proportion of clinically undernourished People Living with HIV (PLHIV) who received therapeutic or supplementary food,,,,,,,,,,,,,
HIV_PLHIV_TSP.1,Number of PLHIV who were assessed/screened for malnutrition,"1,941","1,746","1,831","1,672","1,755","1,967","1,481","1,521","1,720","1,519","1,705","1,859","20,717"
HIV_PLHIV_TSP.1. 1,"< 15 Years, Male",,,,,,,,,,,,,
HIV_PLHIV_TSP.1. 2,"< 15 Years, Female",,,,,,,,,,,,,
HIV_PLHIV_TSP.1. 3,">= 15 Years, Male",815,766,785,741,734,830,654,652,779,673,722,837,"8,988"
HIV_PLHIV_TSP.1. 4,">= 15 Years, Female","1,126",980,"1,046",931,"1,021","1,137",827,869,941,846,983,"1,022","11,729"
HIV_PLHIV_NUT,HIV_PLHIV that were nutritionally assessed and found to be clinically undernourished,119,109,130,100,110,115,93,88,101,99,98,127,"1,289"
HIV_PLHIV_NUT_MAM,Total MAM,95,95,114,88,89,97,79,77,82,76,73,89,"1,054"
HIV_PLHIV_NUT_MAM. 1,"< 15 Years, Male",,,,,,,,,,,,,
HIV_PLHIV_NUT_MAM. 2,"< 15 Years, Female",,,,,,,,,,,,,
HIV_PLHIV_NUT_MAM. 3,">= 15 Years, Male",45,49,58,43,45,51,39,38,52,40,31,45,536
HIV_PLHIV_NUT_MAM. 4,">= 15 Years, Female",50,46,56,45,44,46,40,39,30,36,42,44,518
HIV_PLHIV_NUT_SAM,Total SAM,24,14,16,12,21,18,14,11,19,23,25,38,235
HIV_PLHIV_NUT_SAM. 1,"< 15 Years, Male",,,,,,,,,,,,,
HIV_PLHIV_NUT_SAM. 2,"< 15 Years, Female",,,,,,,,,,,,,
HIV_PLHIV_NUT_SAM. 3,">= 15 Years, Male",17,5,9,7,8,7,7,3,8,10,8,9,98
HIV_PLHIV_NUT_SAM. 4,">= 15 Years, Female",7,9,7,5,13,11,7,8,11,13,17,29,137
HIV_PLHIV_SUP,HIV_Clinically undernourished PLHIV who received therapeutic or supplementary food,,,,,,,,,,,,,
HIV_PLHIV_SUP.1,Total MAM who received therapeutic or supplementary food,,,,,,,,,,,,,
HIV_PLHIV_SUP.1. 1,"< 15 Years, Male",,,,,,,,,,,,,
HIV_PLHIV_SUP.1. 3,"< 15 Years, Female - Non-Pregnant",,,,,,,,,,,,,
HIV_PLHIV_SUP.1. 4,">= 15 Years, Male",,,,,,,,,,,,,
HIV_PLHIV_SUP.1. 5,">= 15 Years, Female - Pregnant",,,,,,,,,,,,,
HIV_PLHIV_SUP.1. 6,">= 15 Years, Female - Non-Pregnant",,,,,,,,,,,,,
HIV_PLHIV_SUP.2,Total SAM who received therapeutic or supplementary food,,,,,,,,,,,,,
HIV_PLHIV_SUP.2. 1,"< 15 Years, Male",,,,,,,,,,,,,
HIV_PLHIV_SUP.2. 3,"< 15 Years, Female - Non-Pregnant",,,,,,,,,,,,,
HIV_PLHIV_SUP.2. 4,">= 15 Years, Male",,,,,,,,,,,,,
HIV_PLHIV_SUP.2. 5,">= 15 Years, Female - Pregnant",,,,,,,,,,,,,
HIV_PLHIV_SUP.2. 6,">= 15 Years, Female - Non-Pregnant",,,,,,,,,,,,,
HIV_STI_SCRN,Proportion of STI cases tested for HIV,,,,,,,,,,,,,
HIV_STI_SCRN.1,Number of STI cases tested for HIV,,,,,,,,,,,,,
HIV_STI_SCRN.1. 1,Male,,,,,,,,,,,,,
HIV_STI_SCRN.1. 2,Female,,,,,,,,,,,,,
HIV_STI_SCRN_P,Number of STI cases tested positive for HIV,,,,,,,,,,,,,
HIV_STI_SCRN_P. 1,Male,,,,,,,,,,,,,
HIV_STI_SCRN_P. 2,Female,,,,,,,,,,,,,
HIV_STI_SYND,"Total number of STI cases, by syndrome",,,,,,,,,,,,,
HIV_STI_SYND. 1,Urethral Discharge,,,,,,,,,,,,,
HIV_STI_SYND. 2,Persistent Urethral Discharge,,,,,,,,,,,,,
HIV_STI_SYND. 3,Scrotal Swelling,,,,,,,,,,,,,
HIV_STI_SYND. 4,Vaginal Discharge,,,,,,,,,,,,,
HIV_STI_SYND. 5,PID (pelvic inflammatory disease),,,,,,,,,,,,,
HIV_STI_SYND. 6,Non vesicular genital ulcer disease (NVGUD),,,,,,,,,,,,,
HIV_STI_SYND. 7,Vesicular genital ulcer disease (VGUD),,,,,,,,,,,,,
HIV_STI_SYND. 8,Inguinal Bubo,,,,,,,,,,,,,
HIV_STI_SYND. 9,Neonatal Conjunctivitis,,,,,,,,,,,,,
HIV_STI_SYND. 10,Neonatal Herpes,,,,,,,,,,,,,
HIV_ART_FP_AGE,Number of non-pregnant women living with HIV on ART aged 15-49 reporting the use of any method of modern family planning by age,359,384,380,347,332,339,345,325,258,242,209,195,"3,715"
HIV_ART_FP_AGE. 1,10 - 14 Years,1,1,1,1,,,,1,,1,,,6
HIV_ART_FP_AGE. 2,15 - 19 Years,1,2,1,2,2,3,2,2,,,,,15
HIV_ART_FP_AGE. 3,20 - 24 Years,9,8,5,4,9,8,11,9,6,4,1,3,77
HIV_ART_FP_AGE. 4,25 - 29 Years,13,14,14,12,11,14,14,12,10,13,13,13,153
HIV_ART_FP_AGE. 5,30 - 49 Years,335,359,359,328,310,314,318,301,242,224,195,179,"3,464"
HIV_ART_FP_MET,Number of non-pregnant women living with HIV on ART aged 15-49 reporting the use of any method of modern family planning by method,359,384,380,347,332,339,345,325,258,242,209,195,"3,715"
HIV_ART_FP_MET. 1,Oral Contraceptives,8,9,8,7,8,8,5,5,6,8,5,4,81
HIV_ART_FP_MET. 2,Injectables,23,24,30,26,23,25,25,25,20,24,23,21,289
HIV_ART_FP_MET. 3,Implants,8,8,8,6,8,11,8,5,4,4,5,1,76
HIV_ART_FP_MET. 4,IUCD,2,2,,1,2,1,2,1,2,1,1,1,16
HIV_ART_FP_MET. 5,Others,318,341,334,307,291,294,305,289,226,205,175,168,"3,253"
HIV_TB_SCRN,Proportion of patients enrolled in HIV care who were screened for TB (FD),,,,,,,,,,,,,
HIV_TB_SCRN.1,Number of NEWLY Enrolled ART clients who were screened for TB during the reporting period,7,10,10,16,5,13,4,2,7,11,11,13,109
HIV_TB_SCRN.1. 1,"< 15 Years, Male",,,,,,,,,,,1,,1
HIV_TB_SCRN.1. 2,"< 15 Years, Female",,,,,,,,,1,1,1,1,4
HIV_TB_SCRN.1. 3,">= 15 Years, Male",4,5,5,6,2,5,2,1,1,5,5,6,47
HIV_TB_SCRN.1. 4,">= 15 Years, Female",3,5,5,10,3,8,2,1,5,5,4,6,57
HIV_TB_SCRN_P,Screened Positive for TB,1,2,5,4,,2,2,2,3,2,6,3,32
HIV_TB_SCRN_P. 1,"< 15 Years, Male",,,,,,,,,,,,,
HIV_TB_SCRN_P. 2,"< 15 Years, Female",,,,,,,,,1,,1,,2
HIV_TB_SCRN_P. 3,">= 15 Years, Male",1,2,3,2,,2,2,1,,1,3,1,18
HIV_TB_SCRN_P. 4,">= 15 Years, Female",,,2,2,,,,1,2,1,2,2,12
HIV_TB_SCRN_ART,Number of PLHIVs PREVIOUSLY on ART and screened for TB,"2,178",2,"2,149","1,924","2,015","2,254","1,717","1,703","1,537","1,338","1,593","1,991","20,401"
HIV_TB_SCRN_ART. 1,"< 15 Years, Male",,,27,,,,,,13,15,13,18,86
HIV_TB_SCRN_ART. 2,"< 15 Years, Female",,,27,,,,,,11,13,11,16,78
HIV_TB_SCRN_ART. 3,">= 15 Years, Male",913,2,877,836,856,952,736,709,683,633,722,886,"8,805"
HIV_TB_SCRN_ART. 4,">= 15 Years, Female","1,265",,"1,218","1,088","1,159","1,302",981,994,830,677,847,"1,071","11,432"
HIV_TB_SCRN_ART_P,Screened Positive for TB,15,7,23,30,14,7,14,11,7,2,6,4,140
HIV_TB_SCRN_ART_P. 1,"< 15 Years, Male",,,,,,,,,,,,,
HIV_TB_SCRN_ART_P. 2,"< 15 Years, Female",,,,,,,,,,,,,
HIV_TB_SCRN_ART_P. 3,">= 15 Years, Male",10,1,12,16,6,4,12,3,2,1,4,2,73
HIV_TB_SCRN_ART_P. 4,">= 15 Years, Female",5,6,11,14,8,3,2,8,5,1,2,2,67
HIV_ART_TPT.1,HIV_Number of ART patients who started on a standard course of TB Preventive Treatment (TPT) in the reporting period,8,9,10,8,4,10,2,3,11,6,7,8,86
HIV_ART_TPT_6H,Patients on 6H,1,,5,,,,,,6,1,1,1,15
HIV_ART_TPT_6H. 1,"< 15 Years, Male",,,,,,,,,,,1,,1
HIV_ART_TPT_6H. 2,"< 15 Years, Female",1,,,,,,,,,1,,1,3
HIV_ART_TPT_6H. 3,">= 15 Years, Male",,,,,,,,,1,,,,1
HIV_ART_TPT_6H. 4,">= 15 Years, Female",,,5,,,,,,5,,,,10
HIV_ART_TPT_3HP,Patients on 3HP,7,9,5,8,4,10,2,3,5,5,6,7,71
HIV_ART_TPT_3HP. 1,"< 15 Years, Male",,,,,,,,,,,,,
HIV_ART_TPT_3HP. 2,"< 15 Years, Female",,1,,,,,,,,,,,1
HIV_ART_TPT_3HP. 3,">= 15 Years, Male",5,4,1,3,3,4,1,2,2,2,3,3,33
HIV_ART_TPT_3HP. 4,">= 15 Years, Female",2,4,4,5,1,6,1,1,3,3,3,4,37
HIV_ART_TPT_3HR,Patients on 3HR,,,,,,,,,,,,,
HIV_ART_TPT_3HR. 1,"< 15 Years, Male",,,,,,,,,,,,,
HIV_ART_TPT_3HR. 2,"< 15 Years, Female",,,,,,,,,,,,,
HIV_ART_TPT_3HR. 3,">= 15 Years, Male",,,,,,,,,,,,,
HIV_ART_TPT_3HR. 4,">= 15 Years, Female",,,,,,,,,,,,,
HIV_ART_TPT_CR.1,HIV_Number of ART patients who were initiated on any course of TPT 12 months before the reporting period,29,34,49,28,10,9,8,13,21,14,21,13,249
HIV_ART_TPT_CR.1.1,Patients on 6H 12 months prior to the reporting period,4,8,3,4,3,,1,6,2,2,2,3,38
HIV_ART_TPT_CR.1.1. 1,"< 15 Years, Male",1,3,,1,,,,1,1,,,1,8
HIV_ART_TPT_CR.1.1. 2,"< 15 Years, Female",1,,,,,,,1,,,,1,3
HIV_ART_TPT_CR.1.1. 3,">= 15 Years, Male",1,2,1,1,,,,2,,,1,1,9
HIV_ART_TPT_CR.1.1. 4,">= 15 Years, Female",1,3,2,2,3,,1,2,1,2,1,,18
HIV_ART_TPT_CR.1.2,Patients on 3HP 12 months prior to the reporting period,25,26,46,24,7,9,7,7,19,12,19,10,211
HIV_ART_TPT_CR.1.2. 1,"< 15 Years, Male",,,,,,,,,,,,,
HIV_ART_TPT_CR.1.2. 2,"< 15 Years, Female",1,1,2,,,,,,,,,,4
HIV_ART_TPT_CR.1.2. 3,">= 15 Years, Male",14,5,15,12,4,2,2,4,9,4,10,5,86
HIV_ART_TPT_CR.1.2. 4,">= 15 Years, Female",10,20,29,12,3,7,5,3,10,8,9,5,121
HIV_ART_TPT_CR.1.3,Patients on 3HR 12 months prior to the reporting period,,,,,,,,,,,,,
HIV_ART_TPT_CR.1.3. 1,"< 15 Years, Male",,,,,,,,,,,,,
HIV_ART_TPT_CR.1.3. 2,"< 15 Years, Female",,,,,,,,,,,,,
HIV_ART_TPT_CR.1.3. 3,">= 15 Years, Male",,,,,,,,,,,,,
HIV_ART_TPT_CR.1.3. 4,">= 15 Years, Female",,,,,,,,,,,,,
HIV_ART_TPT_CR.2,HIV_Number of ART patients who started TPT 12 months prior to the reporting period that completed a full course of therapy,27,30,46,27,6,6,7,11,14,12,19,12,217
HIV_ART_TPT_CR.2.1,Patients who completed 6H,2,4,1,3,1,,,4,,1,2,3,21
HIV_ART_TPT_CR.2.1. 1,"< 15 Years, Male",1,1,,1,,,,,,,,1,4
HIV_ART_TPT_CR.2.1. 2,"< 15 Years, Female",1,,,,,,,1,,,,1,3
HIV_ART_TPT_CR.2.1. 3,">= 15 Years, Male",,1,1,1,,,,2,,,1,1,7
HIV_ART_TPT_CR.2.1. 4,">= 15 Years, Female",,2,,1,1,,,1,,1,1,,7
HIV_ART_TPT_CR.2.2,Patients who completed 3HP,25,26,45,24,5,6,7,7,14,11,17,9,196
HIV_ART_TPT_CR.2.2. 1,"< 15 Years, Male",,,,,,,,,,,,,
HIV_ART_TPT_CR.2.2. 2,"< 15 Years, Female",1,1,2,,,,,,,,,,4
HIV_ART_TPT_CR.2.2. 3,">= 15 Years, Male",14,5,15,12,3,2,2,4,6,4,9,5,81
HIV_ART_TPT_CR.2.2. 4,">= 15 Years, Female",10,20,28,12,2,4,5,3,8,7,8,4,111
HIV_ART_TPT_CR.2.3,Patients who completed 3HR,,,,,,,,,,,,,
HIV_ART_TPT_CR.2.3. 1,"< 15 Years, Male",,,,,,,,,,,,,
HIV_ART_TPT_CR.2.3. 2,"< 15 Years, Female",,,,,,,,,,,,,
HIV_ART_TPT_CR.2.3. 3,">= 15 Years, Male",,,,,,,,,,,,,
HIV_ART_TPT_CR.2.3. 4,">= 15 Years, Female",,,,,,,,,,,,,
HIV_CXCA_SCRN.1,Cervical Cancer screening by type of test,60,74,49,61,42,42,36,78,46,54,49,85,676
HIV_CXCA_SCRN.1. 1,Screened by VIA,60,74,48,61,42,42,3,42,16,15,2,47,452
HIV_CXCA_SCRN.1. 2,Screened by HPV DNA,,,1,,,,33,36,30,39,47,38,224
HIV_CXCA_SCRN.2,HIV_VIA Screening Result,59,74,49,7,42,42,3,77,16,15,2,9,395
HIV_CXCA_SCRN.2.1,Normal cervix:,56,68,48,5,41,39,2,77,14,14,2,8,374
HIV_CXCA_SCRN.2.1. 1,15 - 19 Years,,1,,,,,,,,,,,1
HIV_CXCA_SCRN.2.1. 2,20 - 24 Years,,2,1,2,,1,,2,,,,,8
HIV_CXCA_SCRN.2.1. 3,25 - 29 Years,2,3,6,3,2,,,2,1,1,,1,21
HIV_CXCA_SCRN.2.1. 4,30 - 49 Years,46,62,41,,39,38,2,73,13,10,2,7,333
HIV_CXCA_SCRN.2.1. 5,>= 50 Years,8,,,,,,,,,3,,,11
HIV_CXCA_SCRN.2.3,Precancerous Lesion:,3,5,1,2,1,1,1,,2,1,,1,18
HIV_CXCA_SCRN.2.3. 1,15 - 19 Years,,,,,,,,,,,,,
HIV_CXCA_SCRN.2.3. 2,20 - 24 Years,,,,,,,,,,,,,
HIV_CXCA_SCRN.2.3. 3,25 - 29 Years,,,,1,,,,,,,,,1
HIV_CXCA_SCRN.2.3. 4,30 - 49 Years,2,5,1,1,1,1,1,,2,1,,1,16
HIV_CXCA_SCRN.2.3. 5,>= 50 Years,1,,,,,,,,,,,,1
HIV_CXCA_SCRN.2.4,Suspecious cancerous Lesion:,,1,,,,2,,,,,,,3
HIV_CXCA_SCRN.2.4. 1,15 - 19 Years,,,,,,,,,,,,,
HIV_CXCA_SCRN.2.4. 2,20 - 24 Years,,,,,,,,,,,,,
HIV_CXCA_SCRN.2.4. 3,25 - 29 Years,,,,,,,,,,,,,
HIV_CXCA_SCRN.2.4. 4,30 - 49 Years,,,,,,2,,,,,,,2
HIV_CXCA_SCRN.2.4. 5,>= 50 Years,,1,,,,,,,,,,,1
HIV_CXCA_SCRN.2.5,HPV DNA test positive:,,,1,,,,9,1,6,16,19,13,65
HIV_CXCA_SCRN.2.5. 1,15 - 19 Years,,,,,,,,,,,,,
HIV_CXCA_SCRN.2.5. 2,20 - 24 Years,,,,,,,,,,,,,
HIV_CXCA_SCRN.2.5. 3,25 - 29 Years,,,,,,,,,,,,2,2
HIV_CXCA_SCRN.2.5. 4,30 - 49 Years,,,1,,,,9,1,6,13,15,8,53
HIV_CXCA_SCRN.2.5. 5,>= 50 Years,,,,,,,,,,3,4,3,10
HIV_CXCA_RX,HIV_Treatment of precancerous cervical lesion,3,2,1,1,,,,,1,,,4,12
HIV_CXCA_RX.1,Treatment with Cryotherapy,,,,,,,,,,,,,
HIV_CXCA_RX.1. 1,15 - 19 Years,,,,,,,,,,,,,
HIV_CXCA_RX.1. 2,20 - 24 Years,,,,,,,,,,,,,
HIV_CXCA_RX.1. 3,25 - 29 Years,,,,,,,,,,,,,
HIV_CXCA_RX.1. 4,30 - 49 Years,,,,,,,,,,,,,
HIV_CXCA_RX.1. 5,>= 50 Years,,,,,,,,,,,,,
HIV_CXCA_RX.2,Treatment with LEEP,2,,1,,,,,,,,,1,4
HIV_CXCA_RX.2. 1,15 - 19 Years,,,,,,,,,,,,,
HIV_CXCA_RX.2. 2,20 - 24 Years,,,,,,,,,,,,,
HIV_CXCA_RX.2. 3,25 - 29 Years,,,,,,,,,,,,,
HIV_CXCA_RX.2. 4,30 - 49 Years,1,,1,,,,,,,,,1,3
HIV_CXCA_RX.2. 5,>= 50 Years,1,,,,,,,,,,,,1
HIV_CXCA_RX.3,Treatment with Thermal Ablation/Thermocoagulation,1,2,,1,,,,,1,,,3,8
HIV_CXCA_RX.3. 1,15 - 19 Years,,,,,,,,,,,,,
HIV_CXCA_RX.3. 2,20 - 24 Years,,,,,,,,,,,,,
HIV_CXCA_RX.3. 3,25 - 29 Years,,,,1,,,,,,,,,1
HIV_CXCA_RX.3. 4,30 - 49 Years,1,2,,,,,,,1,,,2,6
HIV_CXCA_RX.3. 5,>= 50 Years,,,,,,,,,,,,1,1
HIV_HeP_TST,HIV_Individuals tested for Hepatitis B and C,960,851,"2,394","1,840","1,258","1,996","2,112","2,176","2,613","1,995","2,019","2,026","22,240"
HIV_HeP_TST_B,Tested for Hepatitis B,456,448,"1,206",963,642,"1,006","1,064","1,105","1,318","1,004",981,"1,098","11,291"
HIV_HeP_TST_B. 1,"< 15 Years, Male",3,5,28,8,4,3,,37,32,33,17,75,245
HIV_HeP_TST_B. 2,"< 15 Years, Female",7,3,14,4,5,1,,42,29,20,12,74,211
HIV_HeP_TST_B. 3,">= 15 Years, Male",121,183,582,469,306,459,579,460,595,455,640,366,"5,215"
HIV_HeP_TST_B. 4,">= 15 Years, Female",325,257,582,482,327,543,485,566,662,496,312,583,"5,620"
HIV_HeP_TST_BP,Tested positive for Hepatitis B,25,15,30,36,19,38,50,44,46,58,49,49,459
HIV_HeP_TST_BP. 1,"< 15 Years, Male",,,,,,,,1,,,,1,2
HIV_HeP_TST_BP. 2,"< 15 Years, Female",,,,,,,,1,,,,1,2
HIV_HeP_TST_BP. 3,">= 15 Years, Male",11,5,18,14,8,17,27,23,25,26,25,20,219
HIV_HeP_TST_BP. 4,">= 15 Years, Female",14,10,12,22,11,21,23,19,21,32,24,27,236
HIV_HeP_TST_C,Tested for Hepatitis C,504,403,"1,188",877,616,990,"1,048","1,071","1,295",991,"1,038",928,"10,949"
HIV_HeP_TST_C. 1,"< 15 Years, Male",,1,6,5,4,3,,37,22,16,17,56,167
HIV_HeP_TST_C. 2,"< 15 Years, Female",1,8,,6,5,,,42,33,20,12,71,198
HIV_HeP_TST_C. 3,">= 15 Years, Male",199,165,591,426,294,367,590,452,588,412,639,371,"5,094"
HIV_HeP_TST_C. 4,">= 15 Years, Female",304,229,591,440,313,620,458,540,652,543,370,430,"5,490"
HIV_HeP_TST_CP,Tested positive for Hepatitis C,10,6,14,11,7,2,11,5,4,6,22,24,122
HIV_HeP_TST_CP. 1,"< 15 Years, Male",,,6,,,,,,,,,,6
HIV_HeP_TST_CP. 2,"< 15 Years, Female",1,1,3,,,,,,,,,,5
HIV_HeP_TST_CP. 3,">= 15 Years, Male",7,,2,5,3,1,4,3,1,1,13,9,49
HIV_HeP_TST_CP. 4,">= 15 Years, Female",2,5,3,6,4,1,7,2,3,5,9,15,62
HIV_HeP_TX_B,Number treated for Hepatitis B,25,,2,,19,28,10,14,16,21,22,15,172
HIV_HeP_TX_B. 1,"< 15 Years, Male",,,,,19,,,,,,,,19
HIV_HeP_TX_B. 2,"< 15 Years, Female",,,,,,,,,,,,,
HIV_HeP_TX_B. 3,">= 15 Years, Male",11,,1,,,17,4,8,8,14,11,7,81
HIV_HeP_TX_B. 4,">= 15 Years, Female",14,,1,,,11,6,6,8,7,11,8,72
HIV_HeP_TX_C,Number treated for Hepatitis C,10,,,,2,5,6,4,7,4,6,9,53
HIV_HeP_TX_C. 1,"< 15 Years, Male",,,,,2,,,,,,,,2
HIV_HeP_TX_C. 2,"< 15 Years, Female",1,,,,,,,,,,,,1
HIV_HeP_TX_C. 3,">= 15 Years, Male",7,,,,,2,3,2,4,2,3,5,28
HIV_HeP_TX_C. 4,">= 15 Years, Female",2,,,,,3,3,2,3,2,3,4,22
